com.samsung.health.oxygen_saturation,5802009,7
create_time,time_offset,custom,end_time,heart_rate,deviceuuid,start_time,pkg_name,update_time,datauuid,spo2,comment
2018-06-10 20:51:33.378,UTC-0300,,2018-06-10 20:51:18.533,80.0,avnWu77KPA,2018-06-10 20:51:18.533,com.sec.android.app.shealth,2018-06-10 20:51:33.378,0247530a-1a86-4a18-ba04-b141e9cf3979,92.0,
2018-05-25 23:10:57.332,UTC-0300,,2018-05-25 23:10:53.044,69.0,avnWu77KPA,2018-05-25 23:10:53.044,com.sec.android.app.shealth,2018-05-25 23:10:57.332,035523f8-8406-4de6-87e9-2ebd59a36992,100.0,
2018-06-03 01:31:24.531,UTC-0300,,2018-06-03 01:31:09.015,77.0,avnWu77KPA,2018-06-03 01:31:09.015,com.sec.android.app.shealth,2018-06-03 01:31:24.531,041a16b0-7236-4aae-9bc8-d10feb4d35f3,93.0,
2018-07-26 02:42:40.778,UTC-0300,,2018-07-26 02:42:29.814,74.0,dgrrqaEJmv,2018-07-26 02:42:29.814,com.sec.android.app.shealth,2018-07-26 02:42:40.778,04c06b14-bae3-4337-9b67-91cf400168f8,95.0,
2018-06-11 18:07:16.733,UTC-0300,,2018-06-11 18:07:13.600,68.0,avnWu77KPA,2018-06-11 18:07:13.600,com.sec.android.app.shealth,2018-06-11 18:07:16.733,04ea9936-d11d-41c9-9103-d69876300d67,94.0,
2018-07-03 00:38:14.985,UTC-0600,,2018-07-03 00:38:11.372,75.0,avnWu77KPA,2018-07-03 00:38:11.372,com.sec.android.app.shealth,2018-07-03 00:38:14.985,053e24d5-94a9-4c03-b885-4b8b5bb1b97a,94.0,
2018-08-07 02:26:21.184,UTC-0400,,2018-08-07 02:26:14.216,62.0,dgrrqaEJmv,2018-08-07 02:26:14.216,com.sec.android.app.shealth,2018-08-07 02:26:21.184,059de3c7-2a6f-4d1a-bbec-b88af9a6d220,89.0,
2018-07-24 01:40:52.721,UTC-0300,,2018-07-24 01:40:38.365,73.0,dgrrqaEJmv,2018-07-24 01:40:38.365,com.sec.android.app.shealth,2018-07-24 01:40:52.721,062064dc-980e-4216-86ff-563da9e68a0c,95.0,
2018-06-09 18:39:43.892,UTC-0300,,2018-06-09 18:39:35.362,60.0,avnWu77KPA,2018-06-09 18:39:35.362,com.sec.android.app.shealth,2018-06-09 18:39:43.892,069d8862-06c4-4363-9f79-ba27cc417f86,90.0,
2018-06-05 22:01:07.950,UTC-0300,,2018-06-05 22:00:57.115,66.0,avnWu77KPA,2018-06-05 22:00:57.115,com.sec.android.app.shealth,2018-06-05 22:01:07.950,0a1bdcf3-e433-4b51-9a14-2e149c933cc8,93.0,
2018-08-20 03:14:07.672,UTC-0300,,2018-08-20 03:13:52.418,71.0,dgrrqaEJmv,2018-08-20 03:13:52.418,com.sec.android.app.shealth,2018-08-20 03:14:07.672,0c008c4b-b5e5-4120-bde2-8e5374bda556,93.0,
2018-05-21 18:54:59.295,UTC-0300,,2018-05-21 18:54:40.354,81.0,avnWu77KPA,2018-05-21 18:54:40.354,com.sec.android.app.shealth,2018-05-21 18:54:59.295,0d357fbe-5781-4f2b-8982-89bebb8e1e89,96.0,
2018-08-02 21:59:26.205,UTC-0300,,2018-08-02 21:59:23.489,79.0,dgrrqaEJmv,2018-08-02 21:59:23.489,com.sec.android.app.shealth,2018-08-02 21:59:26.205,0d65a3ea-280b-441c-89f0-1927de25894a,99.0,
2018-08-14 16:35:38.969,UTC-0500,,2018-08-14 16:35:33.137,77.0,dgrrqaEJmv,2018-08-14 16:35:33.137,com.sec.android.app.shealth,2018-08-14 16:35:38.969,0e5e77a3-c1cc-44f1-a193-7428e9b8cf2d,93.0,
2018-06-04 19:12:40.410,UTC-0300,,2018-06-04 19:12:28.047,79.0,avnWu77KPA,2018-06-04 19:12:28.047,com.sec.android.app.shealth,2018-06-04 19:12:40.410,0edc153a-6a94-4b16-8c5b-0a7bd8529bbc,85.0,
2018-06-09 19:49:00.890,UTC-0300,,2018-06-09 19:48:42.095,72.0,avnWu77KPA,2018-06-09 19:48:42.095,com.sec.android.app.shealth,2018-06-09 19:49:00.890,0f1e712e-b369-41a0-955c-b9d3371f2463,94.0,
2018-05-18 21:05:44.884,UTC-0300,,2018-05-18 21:05:37.344,72.0,avnWu77KPA,2018-05-18 21:05:37.344,com.sec.android.app.shealth,2018-05-18 21:05:44.884,0f43d751-463d-44d1-a2bb-f54aa59e2241,92.0,
2018-08-11 19:26:45.760,UTC-0400,,2018-08-11 19:26:34.608,75.0,dgrrqaEJmv,2018-08-11 19:26:34.608,com.sec.android.app.shealth,2018-08-11 19:26:45.760,0f51d7a9-7775-4e3f-8c4f-e49a45eebd3a,97.0,
2018-07-03 19:39:52.250,UTC-0600,,2018-07-03 19:39:41.507,69.0,avnWu77KPA,2018-07-03 19:39:41.507,com.sec.android.app.shealth,2018-07-03 19:39:52.250,0f71378c-96b9-4e32-8916-a1e5d8d3cf3e,95.0,
2018-05-24 21:08:06.055,UTC-0300,,2018-05-24 21:07:54.496,70.0,avnWu77KPA,2018-05-24 21:07:54.496,com.sec.android.app.shealth,2018-05-24 21:08:06.055,0f9d85c6-b321-4bdf-9a97-93bd7f3067e4,93.0,
2018-05-30 19:58:07.694,UTC-0300,,2018-05-30 19:58:02.592,77.0,avnWu77KPA,2018-05-30 19:58:02.592,com.sec.android.app.shealth,2018-05-30 19:58:07.694,108b5f9b-796f-42bd-9df6-b5f5428e83fe,97.0,
2018-07-24 19:45:34.954,UTC-0300,,2018-07-24 19:45:26.167,74.0,dgrrqaEJmv,2018-07-24 19:45:26.167,com.sec.android.app.shealth,2018-07-24 19:45:34.954,10c0978c-99b6-43cb-8874-d96f175c94fe,94.0,
2018-08-08 19:02:54.445,UTC-0400,,2018-08-08 19:02:44.710,74.0,dgrrqaEJmv,2018-08-08 19:02:44.710,com.sec.android.app.shealth,2018-08-08 19:02:54.445,1125c6d4-79a1-4ce3-91d7-611b59f5426e,95.0,
2018-08-08 21:00:05.521,UTC-0400,,2018-08-08 20:59:58.387,67.0,dgrrqaEJmv,2018-08-08 20:59:58.387,com.sec.android.app.shealth,2018-08-08 21:00:05.521,12ac38b2-ed1b-4419-814a-1ba39c8c0966,90.0,
2018-05-24 00:20:48.658,UTC-0300,,2018-05-24 00:20:43.435,72.0,avnWu77KPA,2018-05-24 00:20:43.435,com.sec.android.app.shealth,2018-05-24 00:20:48.658,12be1c8e-6ca7-4612-8fa8-9974857ddae7,94.0,
2018-06-27 18:36:01.615,UTC-0600,,2018-06-27 18:35:48.057,78.0,avnWu77KPA,2018-06-27 18:35:48.057,com.sec.android.app.shealth,2018-06-27 18:36:01.615,131b823f-1a77-4b02-8ca3-8df08ca7bcdf,97.0,
2018-07-24 19:45:12.746,UTC-0300,,2018-07-24 19:45:04.738,82.0,dgrrqaEJmv,2018-07-24 19:45:04.738,com.sec.android.app.shealth,2018-07-24 19:45:12.746,13b8b39c-d0da-4cb6-8582-14176d440638,93.0,
2018-08-21 03:17:58.526,UTC-0300,,2018-08-21 03:17:48.718,78.0,dgrrqaEJmv,2018-08-21 03:17:48.718,com.sec.android.app.shealth,2018-08-21 03:17:58.526,13f0bf36-df3e-4148-9242-d8df56fbd017,99.0,
2018-08-11 21:42:28.668,UTC-0400,,2018-08-11 21:42:20.789,78.0,dgrrqaEJmv,2018-08-11 21:42:20.789,com.sec.android.app.shealth,2018-08-11 21:42:28.668,151151fd-ba85-4ec9-85c2-227bcfd44258,96.0,
2018-06-12 19:40:58.998,UTC-0300,,2018-06-12 19:40:48.176,69.0,avnWu77KPA,2018-06-12 19:40:48.176,com.sec.android.app.shealth,2018-06-12 19:40:58.998,1562c4a8-507a-48af-a490-647112fdf361,93.0,
2018-05-24 15:46:46.029,UTC-0300,,2018-05-24 15:46:19.084,74.0,avnWu77KPA,2018-05-24 15:46:19.084,com.sec.android.app.shealth,2018-05-24 15:46:46.029,15a78ca0-4e23-45fd-924c-411dfdb4acb8,95.0,
2018-05-22 16:34:33.901,UTC-0300,,2018-05-22 16:34:25.359,74.0,avnWu77KPA,2018-05-22 16:34:25.359,com.sec.android.app.shealth,2018-05-22 16:34:33.901,160afe99-53be-4028-9cdb-f4c9137b0836,98.0,
2018-05-30 03:51:53.353,UTC-0300,,2018-05-30 03:51:46.834,75.0,avnWu77KPA,2018-05-30 03:51:46.834,com.sec.android.app.shealth,2018-05-30 03:51:53.353,16a3d434-7f1b-4c38-8fcc-ddf50767e348,96.0,
2018-06-03 01:32:15.731,UTC-0300,,2018-06-03 01:32:12.987,72.0,avnWu77KPA,2018-06-03 01:32:12.987,com.sec.android.app.shealth,2018-06-03 01:32:15.731,16b124a5-af9d-4d4a-b69b-5e31d6c5776d,91.0,
2018-06-03 01:32:50.922,UTC-0300,,2018-06-03 01:32:31.399,73.0,avnWu77KPA,2018-06-03 01:32:31.399,com.sec.android.app.shealth,2018-06-03 01:32:50.922,17366e20-7fcd-43ce-ab23-abb8acaa1de0,88.0,
2018-08-21 17:31:31.856,UTC-0300,,2018-08-21 17:31:20.526,100.0,dgrrqaEJmv,2018-08-21 17:31:20.526,com.sec.android.app.shealth,2018-08-21 17:31:31.856,178370d9-c5f9-4b8d-84b4-f9efccf3216d,93.0,
2018-08-12 20:48:15.217,UTC-0400,,2018-08-12 20:48:07.033,84.0,dgrrqaEJmv,2018-08-12 20:48:07.033,com.sec.android.app.shealth,2018-08-12 20:48:15.217,1848df7a-936a-4e4c-bd5c-46c8fde5f957,95.0,
2018-06-20 19:51:28.661,UTC-0600,,2018-06-20 19:51:17.107,72.0,avnWu77KPA,2018-06-20 19:51:17.107,com.sec.android.app.shealth,2018-06-20 19:51:28.661,1931ef79-c092-43b9-a82d-0a6d51b59a72,91.0,
2018-05-30 16:59:15.214,UTC-0300,,2018-05-30 16:59:05.714,72.0,avnWu77KPA,2018-05-30 16:59:05.714,com.sec.android.app.shealth,2018-05-30 16:59:15.214,19bca9ab-3bd9-4812-a138-ad8a073571ff,89.0,
2018-06-03 03:27:21.530,UTC-0300,,2018-06-03 03:27:11.144,74.0,avnWu77KPA,2018-06-03 03:27:11.144,com.sec.android.app.shealth,2018-06-03 03:27:21.530,19fc9e13-db73-4ebd-8f04-cf6bcc887537,90.0,
2018-06-04 02:53:40.711,UTC-0300,,2018-06-04 02:53:37.014,77.0,avnWu77KPA,2018-06-04 02:53:37.014,com.sec.android.app.shealth,2018-06-04 02:53:40.711,1a958c07-fbcc-492e-a539-d577da5d915c,99.0,
2018-08-22 02:29:30.618,UTC-0300,,2018-08-22 02:29:16.319,66.0,dgrrqaEJmv,2018-08-22 02:29:16.319,com.sec.android.app.shealth,2018-08-22 02:29:30.618,1ac09453-db74-4add-8cbd-09de7e6b9513,95.0,
2018-06-18 19:26:34.940,UTC-0600,,2018-06-18 19:26:19.573,74.0,avnWu77KPA,2018-06-18 19:26:19.573,com.sec.android.app.shealth,2018-06-18 19:26:34.940,1aec9459-c2fd-4b42-9250-ab63ad5dfc35,94.0,
2018-05-18 21:02:59.229,UTC-0300,,2018-05-18 21:02:45.007,65.0,avnWu77KPA,2018-05-18 21:02:41.257,com.sec.android.app.shealth,2018-05-18 21:02:59.229,1b213f1f-4d97-4a40-b978-1b512e35b64e,88.0,
2018-06-19 19:43:34.070,UTC-0600,,2018-06-19 19:43:22.200,67.0,avnWu77KPA,2018-06-19 19:43:22.200,com.sec.android.app.shealth,2018-06-19 19:43:34.070,1bb5e161-720e-4a90-8848-087dc2387d57,95.0,
2018-05-30 16:07:01.679,UTC-0300,,2018-05-30 16:06:49.492,67.0,avnWu77KPA,2018-05-30 16:06:49.492,com.sec.android.app.shealth,2018-05-30 16:07:01.679,1c445909-3491-4b9c-a05c-efae677756da,94.0,
2018-06-27 23:15:51.545,UTC-0600,,2018-06-27 23:15:41.055,92.0,avnWu77KPA,2018-06-27 23:15:41.055,com.sec.android.app.shealth,2018-06-27 23:15:51.545,1c7b5452-e9be-41f2-88ef-a66df9f423d1,93.0,
2018-06-06 00:40:49.766,UTC-0300,,2018-06-06 00:40:40.491,74.0,avnWu77KPA,2018-06-06 00:40:40.491,com.sec.android.app.shealth,2018-06-06 00:40:49.766,1c81f7bb-7417-4b12-9a8d-3d118d02f756,97.0,
2018-06-21 05:26:40.232,UTC-0600,,2018-06-21 05:26:30.420,76.0,avnWu77KPA,2018-06-21 05:26:30.420,com.sec.android.app.shealth,2018-06-21 05:26:40.232,1cdc6c4d-877b-4f2b-947a-5ce81d26f02a,94.0,
2018-05-22 16:36:36.568,UTC-0300,,2018-05-22 16:36:30.930,63.0,avnWu77KPA,2018-05-22 16:36:30.930,com.sec.android.app.shealth,2018-05-22 16:36:36.568,1d316cd6-378b-44bc-90b7-ebd13eaa72e7,96.0,
2018-06-04 01:41:33.268,UTC-0300,,2018-06-04 01:41:14.741,105.0,avnWu77KPA,2018-06-04 01:41:14.741,com.sec.android.app.shealth,2018-06-04 01:41:33.268,1da02c68-eace-4cf6-aecf-d5ff630ba1e4,93.0,
2018-06-27 17:32:29.050,UTC-0600,,2018-06-27 17:32:15.946,73.0,avnWu77KPA,2018-06-27 17:32:15.946,com.sec.android.app.shealth,2018-06-27 17:32:29.050,1dfaa9d7-fd2c-44e5-80d4-38a622f94237,92.0,
2018-08-08 01:12:33.005,UTC-0400,,2018-08-08 01:12:19.448,74.0,dgrrqaEJmv,2018-08-08 01:12:19.448,com.sec.android.app.shealth,2018-08-08 01:12:33.005,203813a1-f86a-472f-990f-64fb216a0e65,95.0,
2018-06-04 19:13:27.780,UTC-0300,,2018-06-04 19:13:15.101,78.0,avnWu77KPA,2018-06-04 19:13:15.101,com.sec.android.app.shealth,2018-06-04 19:13:27.780,20fa0332-cda8-4893-9ee3-45ef25f2dc52,88.0,
2018-05-24 21:57:27.924,UTC-0300,,2018-05-24 21:57:16.358,78.0,avnWu77KPA,2018-05-24 21:57:16.358,com.sec.android.app.shealth,2018-05-24 21:57:27.924,2106da93-6aff-4e9d-ad4f-c502aa8665e0,94.0,
2018-08-14 18:47:42.325,UTC-0500,,2018-08-14 18:47:29.967,70.0,dgrrqaEJmv,2018-08-14 18:47:29.967,com.sec.android.app.shealth,2018-08-14 18:47:42.325,214bb856-b6cf-4e4e-b302-d729ff7b060e,92.0,
2018-06-18 21:21:41.188,UTC-0600,,2018-06-18 21:21:21.004,72.0,avnWu77KPA,2018-06-18 21:21:21.004,com.sec.android.app.shealth,2018-06-18 21:21:41.188,21d17768-e7a2-4647-bff3-f4482e546a23,90.0,
2018-06-11 23:16:18.341,UTC-0300,,2018-06-11 23:16:05.628,71.0,avnWu77KPA,2018-06-11 23:16:05.628,com.sec.android.app.shealth,2018-06-11 23:16:18.341,2379aa77-205f-4cfc-917b-dc24a1767e5a,96.0,
2018-07-30 19:00:46.148,UTC-0300,,2018-07-30 19:00:35.978,76.0,dgrrqaEJmv,2018-07-30 19:00:35.978,com.sec.android.app.shealth,2018-07-30 19:00:46.148,2436793d-59c6-4fa5-9caf-f1e6f6e36a7e,97.0,
2018-07-12 04:14:42.018,UTC-0300,,2018-07-12 04:14:33.112,67.0,avnWu77KPA,2018-07-12 04:14:33.112,com.sec.android.app.shealth,2018-07-12 04:14:42.018,244e8780-30f1-4a5c-a105-65fd8a54ec24,91.0,
2018-06-11 23:15:48.514,UTC-0300,,2018-06-11 23:15:38.095,59.0,avnWu77KPA,2018-06-11 23:15:38.095,com.sec.android.app.shealth,2018-06-11 23:15:48.514,24a29f9f-6e4c-48be-a703-5dd4e7d0ad64,94.0,
2018-08-19 04:08:51.408,UTC-0300,,2018-08-19 04:08:41.879,85.0,dgrrqaEJmv,2018-08-19 04:08:41.879,com.sec.android.app.shealth,2018-08-19 04:08:51.408,259be343-e35a-4ae9-af00-de96a22830e2,96.0,
2018-05-18 16:48:44.950,UTC-0300,,2018-05-18 16:48:31.009,77.0,avnWu77KPA,2018-05-18 16:48:27.964,com.sec.android.app.shealth,2018-05-18 16:48:44.950,271d5bb8-406a-4a88-8b5d-55222822d448,95.0,
2018-06-27 19:35:41.931,UTC-0600,,2018-06-27 19:35:16.543,75.0,avnWu77KPA,2018-06-27 19:35:16.543,com.sec.android.app.shealth,2018-06-27 19:35:41.931,2728112e-9cd3-49fe-8b26-eb9da39cf601,93.0,
2018-06-13 16:27:00.474,UTC-0300,,2018-06-13 16:26:46.491,64.0,avnWu77KPA,2018-06-13 16:26:46.491,com.sec.android.app.shealth,2018-06-13 16:27:00.474,278bb040-371f-4153-990b-3d92964277dc,91.0,
2018-06-25 19:05:40.696,UTC-0600,,2018-06-25 19:05:37.824,73.0,avnWu77KPA,2018-06-25 19:05:37.824,com.sec.android.app.shealth,2018-06-25 19:05:40.696,2845ca7b-4bf9-483c-b7a2-d49e3581af38,100.0,
2018-06-23 04:47:56.781,UTC-0600,,2018-06-23 04:47:45.734,68.0,avnWu77KPA,2018-06-23 04:47:45.734,com.sec.android.app.shealth,2018-06-23 04:47:56.781,28707887-6d56-4b3b-8ef7-56b5439abf98,93.0,
2018-05-30 19:55:14.744,UTC-0300,,2018-05-30 19:55:10.027,68.0,avnWu77KPA,2018-05-30 19:55:10.027,com.sec.android.app.shealth,2018-05-30 19:55:14.744,2899061c-0577-4c8c-9339-46f22a01569b,100.0,
2018-07-03 01:46:36.431,UTC-0600,,2018-07-03 01:46:20.078,88.0,avnWu77KPA,2018-07-03 01:46:20.078,com.sec.android.app.shealth,2018-07-03 01:46:36.431,28cce116-9eca-4c60-b063-1765aa2382d0,92.0,
2018-06-12 01:24:50.770,UTC-0300,,2018-06-12 01:24:38.331,67.0,avnWu77KPA,2018-06-12 01:24:38.331,com.sec.android.app.shealth,2018-06-12 01:24:50.770,28f97cd6-8cc7-468f-9dcb-d93d20d2d1ff,93.0,
2018-08-11 18:26:03.698,UTC-0400,,2018-08-11 18:25:55.271,88.0,dgrrqaEJmv,2018-08-11 18:25:55.271,com.sec.android.app.shealth,2018-08-11 18:26:03.698,28fd4818-0e1c-4291-b210-65d0d1506c8b,96.0,
2018-07-30 02:27:58.008,UTC-0300,,2018-07-30 02:27:46.948,64.0,dgrrqaEJmv,2018-07-30 02:27:46.948,com.sec.android.app.shealth,2018-07-30 02:27:58.008,2986c430-a0c8-4ee5-bdb4-70847d7a295c,94.0,
2018-06-05 05:01:53.519,UTC-0300,,2018-06-05 05:01:48.717,72.0,avnWu77KPA,2018-06-05 05:01:48.717,com.sec.android.app.shealth,2018-06-05 05:01:53.519,29ba70e2-b015-4137-995b-016ce95a4867,94.0,
2018-06-03 04:57:02.496,UTC-0300,,2018-06-03 04:56:40.637,73.0,avnWu77KPA,2018-06-03 04:56:40.637,com.sec.android.app.shealth,2018-06-03 04:57:02.496,2a11450c-b7ef-4588-ae7e-920f87d3c0fd,91.0,
2018-08-07 02:26:45.298,UTC-0400,,2018-08-07 02:26:39.567,77.0,dgrrqaEJmv,2018-08-07 02:26:39.567,com.sec.android.app.shealth,2018-08-07 02:26:45.298,2a4baf1a-1798-4928-a48c-ef1ce325b638,92.0,
2018-06-03 19:06:20.739,UTC-0300,,2018-06-03 19:06:08.966,72.0,avnWu77KPA,2018-06-03 19:06:08.966,com.sec.android.app.shealth,2018-06-03 19:06:20.739,2adbd82c-66ef-4aed-baf4-e52c3d9123b9,92.0,
2018-07-31 16:33:24.047,UTC-0300,,2018-07-31 16:33:07.922,71.0,dgrrqaEJmv,2018-07-31 16:33:07.922,com.sec.android.app.shealth,2018-07-31 16:33:24.047,2b247a56-5b9e-44a5-9699-67134d7794f2,96.0,
2018-05-22 18:36:29.985,UTC-0300,,2018-05-22 18:36:13.893,64.0,avnWu77KPA,2018-05-22 18:36:13.893,com.sec.android.app.shealth,2018-05-22 18:36:29.985,2bf91f41-e5cc-4b5a-a3bb-b36bef08f939,94.0,
2018-06-05 00:48:35.884,UTC-0300,,2018-06-05 00:48:21.194,83.0,avnWu77KPA,2018-06-05 00:48:21.194,com.sec.android.app.shealth,2018-06-05 00:48:35.884,2ca01785-5e5a-4b78-b093-a35ee944e566,94.0,
2018-07-10 01:37:56.700,UTC-0300,,2018-07-10 01:37:44.492,78.0,avnWu77KPA,2018-07-10 01:37:44.492,com.sec.android.app.shealth,2018-07-10 01:37:56.700,2d64f29f-ae05-4e6f-a8dc-9796a72939f7,91.0,
2018-05-31 00:04:54.911,UTC-0300,,2018-05-31 00:04:43.741,72.0,avnWu77KPA,2018-05-31 00:04:43.741,com.sec.android.app.shealth,2018-05-31 00:04:54.911,2d91c712-b77f-49e8-9584-3237ea60cd1d,93.0,
2018-06-05 23:37:13.210,UTC-0300,,2018-06-05 23:37:03.897,71.0,avnWu77KPA,2018-06-05 23:37:03.897,com.sec.android.app.shealth,2018-06-05 23:37:13.210,2dd3aed6-591a-4d7d-a838-0cb96a511b52,96.0,
2018-07-23 20:01:56.212,UTC-0300,,2018-07-23 20:01:52.713,110.0,dgrrqaEJmv,2018-07-23 20:01:52.713,com.sec.android.app.shealth,2018-07-23 20:01:56.212,2ddd7a25-0b8b-4906-bd25-c71beba9836f,97.0,
2018-07-25 22:07:11.568,UTC-0300,,2018-07-25 22:07:02.250,79.0,dgrrqaEJmv,2018-07-25 22:07:02.250,com.sec.android.app.shealth,2018-07-25 22:07:11.568,2e720afe-f0bb-4a99-9ccb-22b4b7d596a2,95.0,
2018-06-06 00:39:43.416,UTC-0300,,2018-06-06 00:39:20.941,75.0,avnWu77KPA,2018-06-06 00:39:20.941,com.sec.android.app.shealth,2018-06-06 00:39:43.416,2f667659-a9b2-465c-b727-d39ddf627f90,90.0,
2018-08-14 23:11:48.066,UTC-0500,,2018-08-14 23:11:37.455,79.0,dgrrqaEJmv,2018-08-14 23:11:37.455,com.sec.android.app.shealth,2018-08-14 23:11:48.066,2f677363-7d47-4746-af9e-9b224c2afc76,93.0,
2018-05-22 02:50:26.142,UTC-0300,,2018-05-22 02:50:16.497,73.0,avnWu77KPA,2018-05-22 02:50:16.497,com.sec.android.app.shealth,2018-05-22 02:50:26.142,2f7cf2b2-0c58-4201-ab3e-e639c5e58e96,93.0,
2018-06-28 23:10:29.184,UTC-0600,,2018-06-28 23:10:21.482,70.0,avnWu77KPA,2018-06-28 23:10:21.482,com.sec.android.app.shealth,2018-06-28 23:10:29.184,2fcf48eb-12a5-4ae8-b0c6-bebbaa7741f6,93.0,
2018-06-02 19:39:12.066,UTC-0300,,2018-06-02 19:38:59.976,81.0,avnWu77KPA,2018-06-02 19:38:59.976,com.sec.android.app.shealth,2018-06-02 19:39:12.066,30b719c4-aee1-48ae-8d48-93b486fefc34,89.0,
2018-06-12 01:20:12.669,UTC-0300,,2018-06-12 01:20:01.809,67.0,avnWu77KPA,2018-06-12 01:20:01.809,com.sec.android.app.shealth,2018-06-12 01:20:12.669,30d08a80-8b37-4e33-b95f-f1f641f948ea,92.0,
2018-08-14 05:00:11.021,UTC-0500,,2018-08-14 04:59:57.809,85.0,dgrrqaEJmv,2018-08-14 04:59:57.809,com.sec.android.app.shealth,2018-08-14 05:00:11.021,312f0481-63fd-4f72-b33c-80c0f0d94422,93.0,
2018-05-23 15:33:54.048,UTC-0300,,2018-05-23 15:33:43.866,76.0,avnWu77KPA,2018-05-23 15:33:43.866,com.sec.android.app.shealth,2018-05-23 15:33:54.048,31e2aa21-bfa6-4e28-82dc-537f695867a5,96.0,
2018-05-21 19:55:47.099,UTC-0300,,2018-05-21 19:55:29.131,81.0,avnWu77KPA,2018-05-21 19:55:29.131,com.sec.android.app.shealth,2018-05-21 19:55:47.099,339bfa6c-7920-4329-8004-a49caab29a87,97.0,
2018-08-20 20:01:25.792,UTC-0300,,2018-08-20 20:01:17.919,71.0,dgrrqaEJmv,2018-08-20 20:01:17.919,com.sec.android.app.shealth,2018-08-20 20:01:25.792,33c49eed-8e6b-426d-8ef9-19acbbc06c2a,92.0,
2018-05-23 00:18:20.369,UTC-0300,,2018-05-23 00:18:11.272,84.0,avnWu77KPA,2018-05-23 00:18:11.272,com.sec.android.app.shealth,2018-05-23 00:18:20.369,342c6135-665f-4625-a920-d2b1c7fafe86,91.0,
2018-06-04 04:36:11.548,UTC-0300,,2018-06-04 04:36:04.811,71.0,avnWu77KPA,2018-06-04 04:36:04.811,com.sec.android.app.shealth,2018-06-04 04:36:11.548,34c39f19-c529-40ba-a118-ebbaaaa65d21,92.0,
2018-07-25 16:47:56.495,UTC-0300,,2018-07-25 16:47:46.354,76.0,dgrrqaEJmv,2018-07-25 16:47:46.354,com.sec.android.app.shealth,2018-07-25 16:47:56.495,359a75cb-bdac-496c-9215-d8b971c19d24,91.0,
2018-08-08 16:50:09.640,UTC-0400,,2018-08-08 16:50:04.377,82.0,dgrrqaEJmv,2018-08-08 16:50:04.377,com.sec.android.app.shealth,2018-08-08 16:50:09.640,36967754-4955-4a02-9481-4124041f82a8,93.0,
2018-06-19 18:22:12.340,UTC-0600,,2018-06-19 18:22:00.996,76.0,avnWu77KPA,2018-06-19 18:22:00.996,com.sec.android.app.shealth,2018-06-19 18:22:12.340,3723821e-68bc-44c4-9224-79c52fc9695a,86.0,
2018-08-22 22:58:51.633,UTC-0300,,2018-08-22 22:58:44.898,76.0,dgrrqaEJmv,2018-08-22 22:58:44.898,com.sec.android.app.shealth,2018-08-22 22:58:51.633,3750fd5d-84e0-4ea3-baf1-7fe4d0414309,93.0,
2018-08-07 19:46:30.356,UTC-0400,,2018-08-07 19:46:22.804,74.0,dgrrqaEJmv,2018-08-07 19:46:22.804,com.sec.android.app.shealth,2018-08-07 19:46:30.356,3756cbdc-190e-441e-8412-de4d11731a7b,95.0,
2018-06-05 16:14:23.989,UTC-0300,,2018-06-05 16:14:14.718,81.0,avnWu77KPA,2018-06-05 16:14:14.718,com.sec.android.app.shealth,2018-06-05 16:14:23.989,3757bb23-84ab-433e-9927-d3887541f7cd,98.0,
2018-06-22 20:02:43.806,UTC-0600,,2018-06-22 20:02:31.597,85.0,avnWu77KPA,2018-06-22 20:02:31.597,com.sec.android.app.shealth,2018-06-22 20:02:43.806,37dfa66c-ebf7-4cf5-bbad-8a0c0eca604b,94.0,
2018-08-18 04:34:39.437,UTC-0500,,2018-08-18 04:34:31.550,82.0,dgrrqaEJmv,2018-08-18 04:34:31.550,com.sec.android.app.shealth,2018-08-18 04:34:39.437,38a22a57-f0bf-4530-8e28-6a1c3700f9f1,95.0,
2018-06-02 19:39:42.142,UTC-0300,,2018-06-02 19:39:32.242,79.0,avnWu77KPA,2018-06-02 19:39:32.242,com.sec.android.app.shealth,2018-06-02 19:39:42.142,3961a8c8-1616-4b6d-aee6-4ed38fda2792,90.0,
2018-07-02 20:42:17.265,UTC-0600,,2018-07-02 20:42:10.217,73.0,avnWu77KPA,2018-07-02 20:42:10.217,com.sec.android.app.shealth,2018-07-02 20:42:17.265,3ad61b66-c78a-4a0b-b812-81c22955e153,94.0,
2018-08-09 22:49:50.344,UTC-0400,,2018-08-09 22:49:39.671,69.0,dgrrqaEJmv,2018-08-09 22:49:39.671,com.sec.android.app.shealth,2018-08-09 22:49:50.344,3ccc98c1-7761-4092-9d86-c30acd99f151,93.0,
2018-07-12 02:10:56.688,UTC-0300,,2018-07-12 02:10:42.606,77.0,avnWu77KPA,2018-07-12 02:10:42.606,com.sec.android.app.shealth,2018-07-12 02:10:56.688,3d903af6-89da-414f-88a4-b2e6f8d668e4,95.0,
2018-08-05 20:44:18.051,UTC-0300,,2018-08-05 20:44:09.737,70.0,dgrrqaEJmv,2018-08-05 20:44:09.737,com.sec.android.app.shealth,2018-08-05 20:44:18.051,3d98a8b3-c967-4f17-a71f-cdeafaa41c29,93.0,
2018-08-09 15:09:08.071,UTC-0400,,2018-08-09 15:08:59.911,77.0,dgrrqaEJmv,2018-08-09 15:08:59.911,com.sec.android.app.shealth,2018-08-09 15:09:08.071,3d9d31d2-1f96-4c88-9492-0c153b831b40,95.0,
2018-06-04 17:11:29.856,UTC-0300,,2018-06-04 17:11:17.556,69.0,avnWu77KPA,2018-06-04 17:11:17.556,com.sec.android.app.shealth,2018-06-04 17:11:29.856,3daa9102-29de-43a2-9a9f-3dcd1a7fbb63,94.0,
2018-08-15 18:19:32.512,UTC-0500,,2018-08-15 18:19:25.198,81.0,dgrrqaEJmv,2018-08-15 18:19:25.198,com.sec.android.app.shealth,2018-08-15 18:19:32.512,3dc5afc4-3e9d-4614-81b3-dd29d93ea9ca,94.0,
2018-06-09 18:40:39.034,UTC-0300,,2018-06-09 18:40:25.899,77.0,avnWu77KPA,2018-06-09 18:40:25.899,com.sec.android.app.shealth,2018-06-09 18:40:39.034,3e412447-d93e-48ea-bc03-77a7e5fa86ee,92.0,
2018-05-23 00:19:00.222,UTC-0300,,2018-05-23 00:18:44.427,81.0,avnWu77KPA,2018-05-23 00:18:44.427,com.sec.android.app.shealth,2018-05-23 00:19:00.222,3e4edbcd-9ee2-4a4c-9683-3fb4941b3d82,94.0,
2018-05-29 16:47:33.461,UTC-0300,,2018-05-29 16:47:20.643,68.0,avnWu77KPA,2018-05-29 16:47:20.643,com.sec.android.app.shealth,2018-05-29 16:47:33.461,3ed71c96-1fe0-4352-9250-b00078e34b6e,91.0,
2018-06-03 02:27:24.296,UTC-0300,,2018-06-03 02:27:14.032,78.0,avnWu77KPA,2018-06-03 02:27:14.032,com.sec.android.app.shealth,2018-06-03 02:27:24.296,4099d3b8-757a-4077-96b7-f45db05f884f,87.0,
2018-06-20 21:55:24.157,UTC-0600,,2018-06-20 21:55:15.929,78.0,avnWu77KPA,2018-06-20 21:55:15.929,com.sec.android.app.shealth,2018-06-20 21:55:24.157,40d31c7f-c2f3-44e5-a2bd-21b4a962f2a5,95.0,
2018-08-23 16:57:17.040,UTC-0300,,2018-08-23 16:57:09.205,78.0,dgrrqaEJmv,2018-08-23 16:57:09.205,com.sec.android.app.shealth,2018-08-23 16:57:17.040,418fc534-0eae-4949-9d91-cf9c47809324,97.0,
2018-07-11 03:55:53.789,UTC-0300,,2018-07-11 03:55:50.123,88.0,avnWu77KPA,2018-07-11 03:55:50.123,com.sec.android.app.shealth,2018-07-11 03:55:53.789,42276d65-6a86-4360-a953-107494210f6e,93.0,
2018-06-05 16:13:09.364,UTC-0300,,2018-06-05 16:12:56.585,79.0,avnWu77KPA,2018-06-05 16:12:56.585,com.sec.android.app.shealth,2018-06-05 16:13:09.364,4282431b-ae1c-47f6-ae14-abe5167c6eee,93.0,
2018-08-10 21:18:09.786,UTC-0400,,2018-08-10 21:17:54.534,92.0,dgrrqaEJmv,2018-08-10 21:17:54.534,com.sec.android.app.shealth,2018-08-10 21:18:09.786,428bb874-2aad-4716-9f7e-108bf35696ed,97.0,
2018-05-24 16:58:12.095,UTC-0300,,2018-05-24 16:57:56.920,71.0,avnWu77KPA,2018-05-24 16:57:56.920,com.sec.android.app.shealth,2018-05-24 16:58:12.095,45ce45c0-c538-4d97-8a98-568f35162b69,93.0,
2018-05-22 14:39:11.426,UTC-0300,,2018-05-22 14:38:55.859,58.0,avnWu77KPA,2018-05-22 14:38:55.859,com.sec.android.app.shealth,2018-05-22 14:39:11.426,4600d7f6-a14d-4aec-89f8-16206a476a9c,94.0,
2018-08-07 17:16:30.722,UTC-0400,,2018-08-07 17:16:20.440,69.0,dgrrqaEJmv,2018-08-07 17:16:20.440,com.sec.android.app.shealth,2018-08-07 17:16:30.722,469bd0a1-2228-4074-8a85-f293f6ddf634,94.0,
2018-06-26 18:13:58.600,UTC-0600,,2018-06-26 18:13:47.685,85.0,avnWu77KPA,2018-06-26 18:13:47.685,com.sec.android.app.shealth,2018-06-26 18:13:58.600,4720febc-3060-42f6-b222-8bcd3a05dc45,96.0,
2018-06-15 00:10:10.907,UTC-0300,,2018-06-15 00:09:56.264,74.0,avnWu77KPA,2018-06-15 00:09:56.264,com.sec.android.app.shealth,2018-06-15 00:10:10.907,47e42971-967b-4ea9-9240-1c50f78dac10,92.0,
2018-05-29 23:51:43.624,UTC-0300,,2018-05-29 23:51:28.854,78.0,avnWu77KPA,2018-05-29 23:51:28.854,com.sec.android.app.shealth,2018-05-29 23:51:43.624,485b33df-0ccf-4d67-b93c-b9c685e43b04,92.0,
2018-06-22 00:12:55.558,UTC-0600,,2018-06-22 00:12:36.261,71.0,avnWu77KPA,2018-06-22 00:12:36.261,com.sec.android.app.shealth,2018-06-22 00:12:55.558,4878a78d-308e-4718-bc34-17351bdfeb35,93.0,
2018-07-31 01:01:16.338,UTC-0300,,2018-07-31 01:01:07.359,81.0,dgrrqaEJmv,2018-07-31 01:01:07.359,com.sec.android.app.shealth,2018-07-31 01:01:16.338,4897fd28-1116-4310-bb6d-28a2d765c9d7,96.0,
2018-06-18 18:13:51.974,UTC-0600,,2018-06-18 18:13:43.133,73.0,avnWu77KPA,2018-06-18 18:13:43.133,com.sec.android.app.shealth,2018-06-18 18:13:51.974,48ae5c1a-636b-4ee0-bc93-b6528c435cff,95.0,
2018-06-04 17:11:58.273,UTC-0300,,2018-06-04 17:11:43.809,77.0,avnWu77KPA,2018-06-04 17:11:43.809,com.sec.android.app.shealth,2018-06-04 17:11:58.273,48c98476-3940-47e8-9560-12767eb4bab0,92.0,
2018-05-19 20:38:08.510,UTC-0300,,2018-05-19 20:37:48.744,67.0,avnWu77KPA,2018-05-19 20:37:48.744,com.sec.android.app.shealth,2018-05-19 20:38:08.510,499c15ad-4da2-48b5-a038-25a14cf90c83,93.0,
2018-06-22 20:03:39.631,UTC-0600,,2018-06-22 20:03:16.939,79.0,avnWu77KPA,2018-06-22 20:03:16.939,com.sec.android.app.shealth,2018-06-22 20:03:39.631,4a3691d5-20fd-4f70-a17c-ff13d72ef87f,87.0,
2018-07-25 17:48:14.478,UTC-0300,,2018-07-25 17:48:03.784,78.0,dgrrqaEJmv,2018-07-25 17:48:03.784,com.sec.android.app.shealth,2018-07-25 17:48:14.478,4a3ea011-aa65-43ee-b26f-2b61da9912ff,93.0,
2018-06-09 18:40:13.647,UTC-0300,,2018-06-09 18:39:57.295,74.0,avnWu77KPA,2018-06-09 18:39:57.295,com.sec.android.app.shealth,2018-06-09 18:40:13.647,4aadd363-9687-4e71-8188-28e5a833d696,90.0,
2018-08-01 19:10:10.879,UTC-0300,,2018-08-01 19:10:08.472,88.0,dgrrqaEJmv,2018-08-01 19:10:08.472,com.sec.android.app.shealth,2018-08-01 19:10:10.879,4bb2e3c6-f6ba-49b5-b5e3-d3a9d777bec7,92.0,
2018-08-06 18:47:09.937,UTC-0300,,2018-08-06 18:47:06.123,80.0,dgrrqaEJmv,2018-08-06 18:47:06.123,com.sec.android.app.shealth,2018-08-06 18:47:09.937,4c62ac65-f7d2-4389-a27d-11b8e91b228c,92.0,
2018-06-03 16:16:20.659,UTC-0300,,2018-06-03 16:15:59.868,74.0,avnWu77KPA,2018-06-03 16:15:59.868,com.sec.android.app.shealth,2018-06-03 16:16:20.659,4cef2baf-d350-45c8-b771-1241c8a3d343,87.0,
2018-06-03 20:05:48.455,UTC-0300,,2018-06-03 20:05:44.888,77.0,avnWu77KPA,2018-06-03 20:05:44.888,com.sec.android.app.shealth,2018-06-03 20:05:48.455,4d13f192-a880-4244-8718-b1786c409061,92.0,
2018-05-30 03:51:10.504,UTC-0300,,2018-05-30 03:51:06.083,73.0,avnWu77KPA,2018-05-30 03:51:06.083,com.sec.android.app.shealth,2018-05-30 03:51:10.504,4e56e181-d7c8-4db4-a77e-27f8168f53de,94.0,
2018-06-04 17:14:51.107,UTC-0300,,2018-06-04 17:14:36.705,74.0,avnWu77KPA,2018-06-04 17:14:36.705,com.sec.android.app.shealth,2018-06-04 17:14:51.107,4e66a130-58f2-466b-b6fb-9d3d9ceb4ae4,87.0,
2018-08-19 23:49:39.991,UTC-0300,,2018-08-19 23:49:32.406,85.0,dgrrqaEJmv,2018-08-19 23:49:32.406,com.sec.android.app.shealth,2018-08-19 23:49:39.991,4f09ec1d-f28c-4c41-abeb-130cb428a97d,95.0,
2018-06-09 04:12:25.651,UTC-0300,,2018-06-09 04:12:16.996,73.0,avnWu77KPA,2018-06-09 04:12:16.996,com.sec.android.app.shealth,2018-06-09 04:12:25.651,500364bb-3793-40e4-bfb8-e98d25f24ebe,92.0,
2018-06-19 23:38:44.533,UTC-0600,,2018-06-19 23:38:32.031,83.0,avnWu77KPA,2018-06-19 23:38:32.031,com.sec.android.app.shealth,2018-06-19 23:38:44.533,507b7c04-6e1e-42c6-ae6a-a59ae717d529,88.0,
2018-08-04 16:40:29.098,UTC-0300,,2018-08-04 16:40:17.467,69.0,dgrrqaEJmv,2018-08-04 16:40:17.467,com.sec.android.app.shealth,2018-08-04 16:40:29.098,50b99f36-2b57-4abb-be26-4ddbea137d86,89.0,
2018-07-28 18:41:30.568,UTC-0300,,2018-07-28 18:41:19.212,77.0,dgrrqaEJmv,2018-07-28 18:41:19.212,com.sec.android.app.shealth,2018-07-28 18:41:30.568,51a68f96-2478-4783-acf6-29710d9e1c44,94.0,
2018-07-19 01:26:14.574,UTC-0300,,2018-07-19 01:26:11.667,76.0,dgrrqaEJmv,2018-07-19 01:26:11.667,com.sec.android.app.shealth,2018-07-19 01:26:14.574,51d0bcbf-5622-489a-a8e7-6c1cfc8f989c,92.0,
2018-05-29 21:50:00.065,UTC-0300,,2018-05-29 21:49:49.584,82.0,avnWu77KPA,2018-05-29 21:49:49.584,com.sec.android.app.shealth,2018-05-29 21:50:00.065,526dc34b-64c3-4d82-9e2d-6da8b53e869b,93.0,
2018-08-17 18:26:48.319,UTC-0500,,2018-08-17 18:26:42.623,76.0,dgrrqaEJmv,2018-08-17 18:26:42.623,com.sec.android.app.shealth,2018-08-17 18:26:48.319,5315ba5b-85ef-49e3-85ca-2a2d25c7204b,91.0,
2018-07-02 19:36:17.115,UTC-0600,,2018-07-02 19:36:05.878,67.0,avnWu77KPA,2018-07-02 19:36:05.878,com.sec.android.app.shealth,2018-07-02 19:36:17.115,550069fb-2ade-4252-aac7-04a880e1b24c,95.0,
2018-06-07 22:05:02.929,UTC-0300,,2018-06-07 22:04:59.019,82.0,avnWu77KPA,2018-06-07 22:04:59.019,com.sec.android.app.shealth,2018-06-07 22:05:02.929,565ebaea-2e43-4dbe-b739-1c63548ae243,100.0,
2018-06-13 22:44:36.589,UTC-0300,,2018-06-13 22:44:22.637,66.0,avnWu77KPA,2018-06-13 22:44:22.637,com.sec.android.app.shealth,2018-06-13 22:44:36.589,56c70a59-65f5-455d-9cb5-9ebf2a02f70e,91.0,
2018-08-10 15:30:55.504,UTC-0400,,2018-08-10 15:30:47.622,83.0,dgrrqaEJmv,2018-08-10 15:30:47.622,com.sec.android.app.shealth,2018-08-10 15:30:55.504,56d9d375-b4ce-47d4-8c37-df739bab8f7a,96.0,
2018-08-17 05:51:55.884,UTC-0500,,2018-08-17 05:51:50.464,75.0,dgrrqaEJmv,2018-08-17 05:51:50.464,com.sec.android.app.shealth,2018-08-17 05:51:55.884,58462633-259f-4a95-9b36-59ad6772f953,90.0,
2018-05-31 03:44:46.136,UTC-0300,,2018-05-31 03:44:35.299,77.0,avnWu77KPA,2018-05-31 03:44:35.299,com.sec.android.app.shealth,2018-05-31 03:44:46.136,58b0d748-5653-47aa-921f-18e50deb48c5,92.0,
2018-06-05 23:35:42.775,UTC-0300,,2018-06-05 23:35:33.076,69.0,avnWu77KPA,2018-06-05 23:35:33.076,com.sec.android.app.shealth,2018-06-05 23:35:42.775,58dee443-b206-40c5-8b8d-c93a37659891,93.0,
2018-08-06 15:59:15.416,UTC-0300,,2018-08-06 15:59:08.995,103.0,dgrrqaEJmv,2018-08-06 15:59:08.995,com.sec.android.app.shealth,2018-08-06 15:59:15.416,5a07bfdc-d45e-4c63-8438-84cca49b0b24,96.0,
2018-06-20 20:51:02.720,UTC-0600,,2018-06-20 20:50:52.275,80.0,avnWu77KPA,2018-06-20 20:50:52.275,com.sec.android.app.shealth,2018-06-20 20:51:02.720,5af2700d-2352-4001-b86b-71ac4f515e15,94.0,
2018-05-23 16:36:52.644,UTC-0300,,2018-05-23 16:36:42.232,77.0,avnWu77KPA,2018-05-23 16:36:42.232,com.sec.android.app.shealth,2018-05-23 16:36:52.644,5b135809-d0f4-4fc9-906a-54492beab246,94.0,
2018-06-05 00:51:00.385,UTC-0300,,2018-06-05 00:50:47.593,87.0,avnWu77KPA,2018-06-05 00:50:47.593,com.sec.android.app.shealth,2018-06-05 00:51:00.385,5b1e95e4-fe2a-4696-a865-22b3e533df7a,95.0,
2018-08-17 03:36:57.752,UTC-0500,,2018-08-17 03:36:49.869,93.0,dgrrqaEJmv,2018-08-17 03:36:49.869,com.sec.android.app.shealth,2018-08-17 03:36:57.752,5bc4e7cd-96f9-4b1b-af86-af9407491862,96.0,
2018-08-16 06:28:35.137,UTC-0500,,2018-08-16 06:28:24.154,76.0,dgrrqaEJmv,2018-08-16 06:28:24.154,com.sec.android.app.shealth,2018-08-16 06:28:35.137,5bcd062b-f20e-4ed3-8726-31614fac4f94,93.0,
2018-08-07 21:48:49.717,UTC-0400,,2018-08-07 21:48:46.865,66.0,dgrrqaEJmv,2018-08-07 21:48:46.865,com.sec.android.app.shealth,2018-08-07 21:48:49.717,5be2dd6f-831d-4790-b645-c716e53ab356,98.0,
2018-06-09 03:09:02.582,UTC-0300,,2018-06-09 03:08:48.523,75.0,avnWu77KPA,2018-06-09 03:08:48.523,com.sec.android.app.shealth,2018-06-09 03:09:02.582,5c88e438-9322-4274-8e84-17c4f4aaefac,95.0,
2018-08-21 19:40:50.194,UTC-0300,,2018-08-21 19:40:36.610,98.0,dgrrqaEJmv,2018-08-21 19:40:36.610,com.sec.android.app.shealth,2018-08-21 19:40:50.194,5ca49f4b-a67d-4128-9f84-2466dbded934,95.0,
2018-05-29 21:50:30.639,UTC-0300,,2018-05-29 21:50:13.056,82.0,avnWu77KPA,2018-05-29 21:50:13.056,com.sec.android.app.shealth,2018-05-29 21:50:30.639,5ca4db83-8297-4474-adba-1e4292a365ca,91.0,
2018-08-20 21:02:45.461,UTC-0300,,2018-08-20 21:02:37.797,73.0,dgrrqaEJmv,2018-08-20 21:02:37.797,com.sec.android.app.shealth,2018-08-20 21:02:45.461,5cc5e6dd-b59a-4db1-8170-273cce328e59,95.0,
2018-05-22 18:37:29.424,UTC-0300,,2018-05-22 18:37:16.128,65.0,avnWu77KPA,2018-05-22 18:37:16.128,com.sec.android.app.shealth,2018-05-22 18:37:29.424,5cec16ed-1abf-4407-ba35-87af546e9777,95.0,
2018-06-09 05:08:45.139,UTC-0300,,2018-06-09 05:08:33.642,74.0,avnWu77KPA,2018-06-09 05:08:33.642,com.sec.android.app.shealth,2018-06-09 05:08:45.139,5d1bfabf-5738-4c17-8c12-583940ebc5f6,92.0,
2018-08-15 03:42:19.575,UTC-0500,,2018-08-15 03:42:11.144,72.0,dgrrqaEJmv,2018-08-15 03:42:11.144,com.sec.android.app.shealth,2018-08-15 03:42:19.575,5d5443d0-6931-47f4-9b5d-b2fddb89b9d0,94.0,
2018-06-27 21:08:57.710,UTC-0600,,2018-06-27 21:08:47.011,77.0,avnWu77KPA,2018-06-27 21:08:47.011,com.sec.android.app.shealth,2018-06-27 21:08:57.710,5d5e47fb-468f-4156-9d27-0e60ff593a1f,95.0,
2018-06-12 00:16:41.069,UTC-0300,,2018-06-12 00:16:37.028,67.0,avnWu77KPA,2018-06-12 00:16:37.028,com.sec.android.app.shealth,2018-06-12 00:16:41.069,5d6cc4cd-0ae2-43f5-a063-2d0bf4b6eb5a,99.0,
2018-05-30 03:53:11.904,UTC-0300,,2018-05-30 03:53:05.633,71.0,avnWu77KPA,2018-05-30 03:53:05.633,com.sec.android.app.shealth,2018-05-30 03:53:11.904,5d77aabf-ea08-4e79-9d8e-96a381cb9b09,97.0,
2018-06-19 19:43:08.532,UTC-0600,,2018-06-19 19:42:54.204,79.0,avnWu77KPA,2018-06-19 19:42:54.204,com.sec.android.app.shealth,2018-06-19 19:43:08.532,5def9b0c-e1ce-4035-a0d8-0403e3dd4e91,92.0,
2018-06-06 13:59:30.045,UTC-0300,,2018-06-06 13:59:14.426,73.0,avnWu77KPA,2018-06-06 13:59:14.426,com.sec.android.app.shealth,2018-06-06 13:59:30.045,5e1da975-6f07-4a5d-b228-5bfb0067fd49,88.0,
2018-06-07 02:13:44.555,UTC-0300,,2018-06-07 02:13:30.765,76.0,avnWu77KPA,2018-06-07 02:13:30.765,com.sec.android.app.shealth,2018-06-07 02:13:44.555,60fae48e-3bbb-488a-8f07-7bfa94223485,94.0,
2018-06-13 17:35:30.185,UTC-0300,,2018-06-13 17:35:20.826,64.0,avnWu77KPA,2018-06-13 17:35:20.826,com.sec.android.app.shealth,2018-06-13 17:35:30.185,618cfd63-a3bb-44e8-8d50-d6b7eac51790,95.0,
2018-08-21 16:38:32.473,UTC-0300,,2018-08-21 16:38:20.144,63.0,dgrrqaEJmv,2018-08-21 16:38:20.144,com.sec.android.app.shealth,2018-08-21 16:38:32.473,64ca5e71-4fb0-43cb-90fa-1c89e0be1b18,92.0,
2018-06-13 15:37:02.857,UTC-0300,,2018-06-13 15:36:58.609,62.0,avnWu77KPA,2018-06-13 15:36:58.609,com.sec.android.app.shealth,2018-06-13 15:37:02.857,66143f36-3008-47b2-8732-2f94b3a28dd0,100.0,
2018-07-30 23:52:00.366,UTC-0300,,2018-07-30 23:51:50.371,90.0,dgrrqaEJmv,2018-07-30 23:51:50.371,com.sec.android.app.shealth,2018-07-30 23:52:00.366,6776bba4-edd7-4223-a3aa-9b380318f92c,97.0,
2018-06-02 23:11:07.102,UTC-0300,,2018-06-02 23:10:53.817,76.0,avnWu77KPA,2018-06-02 23:10:53.817,com.sec.android.app.shealth,2018-06-02 23:11:07.102,67939273-a35c-4717-9665-14a7c79ed366,91.0,
2018-05-23 18:13:09.783,UTC-0300,,2018-05-23 18:12:57.697,82.0,avnWu77KPA,2018-05-23 18:12:57.697,com.sec.android.app.shealth,2018-05-23 18:13:09.783,67ae60f9-4b3f-479a-98d4-032b99de4a18,95.0,
2018-06-05 22:00:27.475,UTC-0300,,2018-06-05 22:00:16.140,76.0,avnWu77KPA,2018-06-05 22:00:16.140,com.sec.android.app.shealth,2018-06-05 22:00:27.475,68ef3973-86e8-4be6-8035-6c7f99bb7fc6,94.0,
2018-08-05 23:55:15.309,UTC-0300,,2018-08-05 23:55:04.658,84.0,dgrrqaEJmv,2018-08-05 23:55:04.658,com.sec.android.app.shealth,2018-08-05 23:55:15.309,691a7f90-5442-4237-aa4c-4fb07eb9e13e,94.0,
2018-07-30 01:29:51.519,UTC-0300,,2018-07-30 01:29:46.999,74.0,dgrrqaEJmv,2018-07-30 01:29:46.999,com.sec.android.app.shealth,2018-07-30 01:29:51.519,69a7c7b6-1d0c-491d-b929-b943fd7313a8,92.0,
2018-06-04 17:12:37.756,UTC-0300,,2018-06-04 17:12:27.272,80.0,avnWu77KPA,2018-06-04 17:12:27.272,com.sec.android.app.shealth,2018-06-04 17:12:37.756,6b678854-fa26-4d34-979f-e93cbc220134,92.0,
2018-06-28 01:31:18.156,UTC-0600,,2018-06-28 01:31:13.218,79.0,avnWu77KPA,2018-06-28 01:31:13.218,com.sec.android.app.shealth,2018-06-28 01:31:18.156,6b6f1a25-938c-4c42-8d4f-feee96f82472,93.0,
2018-07-15 02:52:09.775,UTC-0300,,2018-07-15 02:52:03.012,64.0,avnWu77KPA,2018-07-15 02:52:03.012,com.sec.android.app.shealth,2018-07-15 02:52:09.775,6b8f8791-a871-41a9-8bfb-3f860f820fe0,93.0,
2018-05-18 21:05:05.071,UTC-0300,,2018-05-18 21:04:55.433,78.0,avnWu77KPA,2018-05-18 21:04:55.433,com.sec.android.app.shealth,2018-05-18 21:05:05.071,6baaf02a-fa0b-4ae9-bc9b-2946686e2281,96.0,
2018-06-21 18:09:24.574,UTC-0600,,2018-06-21 18:09:09.635,87.0,avnWu77KPA,2018-06-21 18:09:09.635,com.sec.android.app.shealth,2018-06-21 18:09:24.574,6bb36c05-b0ac-40c4-b189-74be8b6ccb2e,91.0,
2018-05-30 16:58:42.161,UTC-0300,,2018-05-30 16:58:28.796,78.0,avnWu77KPA,2018-05-30 16:58:28.796,com.sec.android.app.shealth,2018-05-30 16:58:42.161,6bc2c0df-48fb-4735-9ee2-9d86f8c0cfb7,91.0,
2018-08-10 20:07:17.239,UTC-0400,,2018-08-10 20:07:09.732,72.0,dgrrqaEJmv,2018-08-10 20:07:09.732,com.sec.android.app.shealth,2018-08-10 20:07:17.239,6c122200-6251-4004-a8b1-ac2578f9e2dc,95.0,
2018-08-08 02:37:05.418,UTC-0400,,2018-08-08 02:36:50.006,78.0,dgrrqaEJmv,2018-08-08 02:36:50.006,com.sec.android.app.shealth,2018-08-08 02:37:05.418,6c298b49-66dc-4399-87db-7a0c724e7dc8,94.0,
2018-06-03 02:28:12.049,UTC-0300,,2018-06-03 02:28:05.576,79.0,avnWu77KPA,2018-06-03 02:28:05.576,com.sec.android.app.shealth,2018-06-03 02:28:12.049,6c5c57be-1b9d-42b4-adfd-66228813309f,88.0,
2018-06-03 02:26:55.321,UTC-0300,,2018-06-03 02:26:44.890,81.0,avnWu77KPA,2018-06-03 02:26:44.890,com.sec.android.app.shealth,2018-06-03 02:26:55.321,6ca55d91-4e52-4d99-89c4-296a7a7a0c11,88.0,
2018-06-28 21:07:29.451,UTC-0600,,2018-06-28 21:07:25.234,81.0,avnWu77KPA,2018-06-28 21:07:25.234,com.sec.android.app.shealth,2018-06-28 21:07:29.451,6cf16a10-2c70-48c2-b63f-07adf9f2d534,93.0,
2018-06-06 00:38:29.345,UTC-0300,,2018-06-06 00:38:18.828,75.0,avnWu77KPA,2018-06-06 00:38:18.828,com.sec.android.app.shealth,2018-06-06 00:38:29.345,6e7d17eb-f9ef-4728-ae53-af61e16d46b3,98.0,
2018-06-11 22:09:41.525,UTC-0300,,2018-06-11 22:09:32.697,70.0,avnWu77KPA,2018-06-11 22:09:32.697,com.sec.android.app.shealth,2018-06-11 22:09:41.525,6f764754-5a11-4c52-bc67-9d2445f38624,98.0,
2018-08-14 19:18:14.700,UTC-0500,,2018-08-14 19:18:06.443,78.0,dgrrqaEJmv,2018-08-14 19:18:06.443,com.sec.android.app.shealth,2018-08-14 19:18:14.700,7033d515-80fe-49ac-bbfe-d5932fe868cf,92.0,
2018-07-29 18:09:17.641,UTC-0300,,2018-07-29 18:09:03.800,69.0,dgrrqaEJmv,2018-07-29 18:09:03.800,com.sec.android.app.shealth,2018-07-29 18:09:17.641,71bdd211-6fa9-4ef2-916a-e3999918dc4a,95.0,
2018-07-25 22:06:48.367,UTC-0300,,2018-07-25 22:06:39.251,67.0,dgrrqaEJmv,2018-07-25 22:06:39.251,com.sec.android.app.shealth,2018-07-25 22:06:48.367,71e74917-a06c-4a23-9e44-d63c96440578,97.0,
2018-08-02 20:58:47.873,UTC-0300,,2018-08-02 20:58:43.999,87.0,dgrrqaEJmv,2018-08-02 20:58:43.999,com.sec.android.app.shealth,2018-08-02 20:58:47.873,72409644-92e9-4b40-a15c-c7a865949385,99.0,
2018-07-23 20:03:23.928,UTC-0300,,2018-07-23 20:02:51.258,74.0,dgrrqaEJmv,2018-07-23 20:02:51.258,com.sec.android.app.shealth,2018-07-23 20:03:23.928,727e0e0e-fc36-4d38-9475-8f60f274b0c0,91.0,
2018-07-11 03:56:56.573,UTC-0300,,2018-07-11 03:56:41.399,74.0,avnWu77KPA,2018-07-11 03:56:41.399,com.sec.android.app.shealth,2018-07-11 03:56:56.573,7337b16a-6614-4158-99a2-ef65104baae1,94.0,
2018-08-16 18:09:27.863,UTC-0500,,2018-08-16 18:09:18.089,75.0,dgrrqaEJmv,2018-08-16 18:09:18.089,com.sec.android.app.shealth,2018-08-16 18:09:27.863,734b7394-3e5a-46ad-9f8d-d7073b2fed13,94.0,
2017-04-10 15:13:25.359,UTC-0300,,2017-04-10 15:12:48.508,76.0,avnWu77KPA,2017-04-10 15:12:41.506,com.sec.android.app.shealth,2017-04-10 15:13:25.359,753083b9-e87c-45fe-acb4-7664352fceb4,97.0,
2018-05-29 21:55:01.673,UTC-0300,,2018-05-29 21:54:53.029,79.0,avnWu77KPA,2018-05-29 21:54:53.029,com.sec.android.app.shealth,2018-05-29 21:55:01.673,753b7558-a5e6-48e2-a8e4-26e93ff86814,88.0,
2018-08-10 05:03:26.308,UTC-0400,,2018-08-10 05:03:17.881,63.0,dgrrqaEJmv,2018-08-10 05:03:17.881,com.sec.android.app.shealth,2018-08-10 05:03:26.308,75aaaa83-ec1c-4ccc-ad20-cf8899195a23,93.0,
2018-05-29 21:52:42.994,UTC-0300,,2018-05-29 21:52:39.897,83.0,avnWu77KPA,2018-05-29 21:52:39.897,com.sec.android.app.shealth,2018-05-29 21:52:42.994,75c01ebb-e196-466e-ae76-9bb8b2f8362c,90.0,
2018-07-19 00:22:47.535,UTC-0300,,2018-07-19 00:22:41.288,83.0,dgrrqaEJmv,2018-07-19 00:22:41.288,com.sec.android.app.shealth,2018-07-19 00:22:47.535,76327526-41ae-4e1a-b959-6aa55d07e000,91.0,
2018-05-21 21:54:39.917,UTC-0300,,2018-05-21 21:54:25.717,69.0,avnWu77KPA,2018-05-21 21:54:25.717,com.sec.android.app.shealth,2018-05-21 21:54:39.917,767f832d-403a-4d1b-a047-6119d3e15d24,93.0,
2018-06-26 21:03:00.169,UTC-0600,,2018-06-26 21:02:49.588,62.0,avnWu77KPA,2018-06-26 21:02:49.588,com.sec.android.app.shealth,2018-06-26 21:03:00.169,7786d5c7-3177-4a90-af68-4ac9b02444d6,100.0,
2018-05-30 03:48:56.356,UTC-0300,,2018-05-30 03:48:40.867,80.0,avnWu77KPA,2018-05-30 03:48:40.867,com.sec.android.app.shealth,2018-05-30 03:48:56.356,789b3195-380a-4a14-8d55-4b424494eac9,93.0,
2018-07-04 00:03:42.829,UTC-0600,,2018-07-04 00:03:27.708,82.0,avnWu77KPA,2018-07-04 00:03:27.708,com.sec.android.app.shealth,2018-07-04 00:03:42.829,797f209e-1b8d-4dda-9848-535cc6176f9a,94.0,
2018-08-17 04:51:02.360,UTC-0500,,2018-08-17 04:50:57.614,87.0,dgrrqaEJmv,2018-08-17 04:50:57.614,com.sec.android.app.shealth,2018-08-17 04:51:02.360,79a5ea2d-f613-4494-ae2a-6c7f22b421ef,93.0,
2018-06-05 22:02:36.110,UTC-0300,,2018-06-05 22:02:26.067,77.0,avnWu77KPA,2018-06-05 22:02:26.067,com.sec.android.app.shealth,2018-06-05 22:02:36.110,7af6b701-af50-45c9-a89f-3c74110f7edf,95.0,
2018-05-22 18:36:54.097,UTC-0300,,2018-05-22 18:36:41.287,69.0,avnWu77KPA,2018-05-22 18:36:41.287,com.sec.android.app.shealth,2018-05-22 18:36:54.097,7b38a005-d335-4439-8da2-2558621d13e8,94.0,
2018-07-23 19:19:49.067,UTC-0300,,2018-07-23 19:19:39.525,80.0,dgrrqaEJmv,2018-07-23 19:19:39.525,com.sec.android.app.shealth,2018-07-23 19:19:49.067,7c469111-69b8-4648-94e8-c170a94fb087,96.0,
2018-06-06 00:37:01.728,UTC-0300,,2018-06-06 00:36:50.367,87.0,avnWu77KPA,2018-06-06 00:36:50.367,com.sec.android.app.shealth,2018-06-06 00:37:01.728,7c7621a9-b66d-4e56-9663-5d9a0509625d,95.0,
2018-08-05 17:36:15.348,UTC-0300,,2018-08-05 17:36:08.577,73.0,dgrrqaEJmv,2018-08-05 17:36:08.577,com.sec.android.app.shealth,2018-08-05 17:36:15.348,7c8c0e23-7333-4d9e-96dc-2018d9fb0e5b,95.0,
2018-06-22 17:51:27.210,UTC-0600,,2018-06-22 17:51:22.278,83.0,avnWu77KPA,2018-06-22 17:51:22.278,com.sec.android.app.shealth,2018-06-22 17:51:27.210,7cede170-c11d-4689-9815-9c221ff9bbef,92.0,
2018-08-05 18:52:31.507,UTC-0300,,2018-08-05 18:52:20.618,68.0,dgrrqaEJmv,2018-08-05 18:52:20.618,com.sec.android.app.shealth,2018-08-05 18:52:31.507,7da8e86f-3e43-45a6-b136-5fdd0122550e,94.0,
2018-08-17 20:34:28.601,UTC-0500,,2018-08-17 20:34:18.172,80.0,dgrrqaEJmv,2018-08-17 20:34:18.172,com.sec.android.app.shealth,2018-08-17 20:34:28.601,7e11334a-17c2-4f83-8e06-9d882ba5fbbd,92.0,
2018-05-22 22:08:05.358,UTC-0300,,2018-05-22 22:08:00.456,67.0,avnWu77KPA,2018-05-22 22:08:00.456,com.sec.android.app.shealth,2018-05-22 22:08:05.358,7e417590-cc9b-4a2c-bb5b-fe62b1a7b40f,97.0,
2018-08-15 06:49:35.503,UTC-0500,,2018-08-15 06:49:30.964,70.0,dgrrqaEJmv,2018-08-15 06:49:30.964,com.sec.android.app.shealth,2018-08-15 06:49:35.503,7e83ea0a-0eea-4c1f-869c-a9fbd25b584a,92.0,
2018-08-04 04:09:56.351,UTC-0300,,2018-08-04 04:09:49.078,73.0,dgrrqaEJmv,2018-08-04 04:09:49.078,com.sec.android.app.shealth,2018-08-04 04:09:56.351,7fd6453a-daf6-4f96-9df2-7c07c9c9567e,94.0,
2018-08-20 01:54:56.490,UTC-0300,,2018-08-20 01:54:50.629,86.0,dgrrqaEJmv,2018-08-20 01:54:50.629,com.sec.android.app.shealth,2018-08-20 01:54:56.490,80cbd43c-43d7-489e-8d55-71616ec01f94,96.0,
2018-06-27 00:16:45.797,UTC-0600,,2018-06-27 00:16:37.371,80.0,avnWu77KPA,2018-06-27 00:16:37.371,com.sec.android.app.shealth,2018-06-27 00:16:45.797,813646eb-f941-44fd-baec-e80b724bce9a,94.0,
2018-08-11 03:23:04.082,UTC-0400,,2018-08-11 03:22:55.174,78.0,dgrrqaEJmv,2018-08-11 03:22:55.174,com.sec.android.app.shealth,2018-08-11 03:23:04.082,816a6dfa-5ae4-44dd-a9ca-7beb369d16a7,96.0,
2018-07-13 03:00:07.017,UTC-0300,,2018-07-13 02:59:57.706,83.0,avnWu77KPA,2018-07-13 02:59:57.706,com.sec.android.app.shealth,2018-07-13 03:00:07.017,821b8c22-444e-4ba7-a9d7-c1b8e468abfc,92.0,
2018-08-06 03:51:09.696,UTC-0300,,2018-08-06 03:50:59.130,74.0,dgrrqaEJmv,2018-08-06 03:50:59.130,com.sec.android.app.shealth,2018-08-06 03:51:09.696,824019e7-092d-4dd8-9e92-76f3261e56e4,94.0,
2018-06-04 17:15:38.423,UTC-0300,,2018-06-04 17:15:25.427,78.0,avnWu77KPA,2018-06-04 17:15:25.427,com.sec.android.app.shealth,2018-06-04 17:15:38.423,83d34cb2-74bc-48f1-8295-7bb7536d36f9,86.0,
2018-06-11 20:07:38.704,UTC-0300,,2018-06-11 20:07:27.141,72.0,avnWu77KPA,2018-06-11 20:07:27.141,com.sec.android.app.shealth,2018-06-11 20:07:38.704,83ef66f9-d3b5-45c2-bc8c-9029dc380a0c,94.0,
2018-08-02 19:17:36.456,UTC-0300,,2018-08-02 19:17:19.145,74.0,dgrrqaEJmv,2018-08-02 19:17:19.145,com.sec.android.app.shealth,2018-08-02 19:17:36.456,842345fc-17ce-4ac4-b553-1369bc4f1797,93.0,
2018-08-05 06:42:03.803,UTC-0300,,2018-08-05 06:41:54.566,67.0,dgrrqaEJmv,2018-08-05 06:41:54.566,com.sec.android.app.shealth,2018-08-05 06:42:03.803,8480fc53-2be1-4493-bcdc-a7f282365a4c,93.0,
2018-07-28 03:44:12.700,UTC-0300,,2018-07-28 03:44:00.269,72.0,dgrrqaEJmv,2018-07-28 03:44:00.269,com.sec.android.app.shealth,2018-07-28 03:44:12.700,852ee32b-3923-4c74-a05e-ff59628ea272,96.0,
2018-07-02 21:42:50.352,UTC-0600,,2018-07-02 21:42:40.860,93.0,avnWu77KPA,2018-07-02 21:42:40.860,com.sec.android.app.shealth,2018-07-02 21:42:50.352,85db642b-0081-411d-a683-6304798414c8,97.0,
2018-05-22 17:34:04.608,UTC-0300,,2018-05-22 17:33:51.930,71.0,avnWu77KPA,2018-05-22 17:33:51.930,com.sec.android.app.shealth,2018-05-22 17:34:04.608,86451157-24f7-4260-94e8-ac33f436deff,96.0,
2018-06-11 21:09:06.381,UTC-0300,,2018-06-11 21:08:59.820,79.0,avnWu77KPA,2018-06-11 21:08:59.820,com.sec.android.app.shealth,2018-06-11 21:09:06.381,86808452-1efa-43bc-970a-30ace3d5e2d4,96.0,
2017-04-13 18:47:34.764,UTC-0300,,2017-04-13 18:47:00.452,71.0,avnWu77KPA,2017-04-13 18:46:54.425,com.sec.android.app.shealth,2017-04-13 18:47:34.764,873ff3a5-1312-4752-85d4-c72f167ae688,96.0,
2018-06-22 21:22:55.117,UTC-0600,,2018-06-22 21:22:35.350,71.0,avnWu77KPA,2018-06-22 21:22:35.350,com.sec.android.app.shealth,2018-06-22 21:22:55.117,87f38278-35bb-457a-a4f0-73a6b968e6de,91.0,
2018-06-18 22:58:07.595,UTC-0600,,2018-06-18 22:57:54.969,85.0,avnWu77KPA,2018-06-18 22:57:54.969,com.sec.android.app.shealth,2018-06-18 22:58:07.595,89320e56-cb3f-46b9-9068-6343204823d9,96.0,
2018-05-18 16:50:11.386,UTC-0300,,2018-05-18 16:49:51.993,78.0,avnWu77KPA,2018-05-18 16:49:51.993,com.sec.android.app.shealth,2018-05-18 16:50:11.386,8941ffe6-8bdf-4199-8b05-044f47cabe1e,97.0,
2018-08-23 03:56:04.865,UTC-0300,,2018-08-23 03:55:57.646,79.0,dgrrqaEJmv,2018-08-23 03:55:57.646,com.sec.android.app.shealth,2018-08-23 03:56:04.865,89fd7ebc-35af-40c9-8616-8022573b58fc,93.0,
2018-07-10 04:21:21.057,UTC-0300,,2018-07-10 04:21:02.349,82.0,avnWu77KPA,2018-07-10 04:21:02.349,com.sec.android.app.shealth,2018-07-10 04:21:21.057,8ad0b9e4-c34e-4f1d-b961-7382d1edfcae,95.0,
2018-07-15 03:54:17.597,UTC-0300,,2018-07-15 03:53:54.783,62.0,avnWu77KPA,2018-07-15 03:53:54.783,com.sec.android.app.shealth,2018-07-15 03:54:17.597,8ad13e25-0a45-4716-97f0-43bde0cee674,95.0,
2018-08-09 18:19:04.275,UTC-0400,,2018-08-09 18:18:55.905,83.0,dgrrqaEJmv,2018-08-09 18:18:55.905,com.sec.android.app.shealth,2018-08-09 18:19:04.275,8b4c231f-4958-4f0d-983c-09dd70e1ae15,96.0,
2018-06-21 02:36:40.189,UTC-0600,,2018-06-21 02:36:28.030,67.0,avnWu77KPA,2018-06-21 02:36:28.030,com.sec.android.app.shealth,2018-06-21 02:36:40.189,8c4cf9bd-077f-49ef-8cbf-b532898bdfcd,94.0,
2018-07-29 21:55:09.018,UTC-0300,,2018-07-29 21:55:01.253,82.0,dgrrqaEJmv,2018-07-29 21:55:01.253,com.sec.android.app.shealth,2018-07-29 21:55:09.018,8caba2fb-67ab-4b76-950d-69c3244b753c,94.0,
2018-05-23 18:13:33.524,UTC-0300,,2018-05-23 18:13:22.772,73.0,avnWu77KPA,2018-05-23 18:13:22.772,com.sec.android.app.shealth,2018-05-23 18:13:33.524,8cce69c5-d43f-40ff-8542-7b1aaa03ada9,93.0,
2018-06-07 01:03:24.079,UTC-0300,,2018-06-07 01:03:13.262,74.0,avnWu77KPA,2018-06-07 01:03:13.262,com.sec.android.app.shealth,2018-06-07 01:03:24.079,8d1de950-1e2c-40fa-b393-e6ac5c1fc6fb,94.0,
2018-05-30 16:07:34.004,UTC-0300,,2018-05-30 16:07:24.164,60.0,avnWu77KPA,2018-05-30 16:07:24.164,com.sec.android.app.shealth,2018-05-30 16:07:34.004,8d1f6157-2f0e-4f97-9e0a-e8e7525f00d0,93.0,
2018-08-20 22:04:14.548,UTC-0300,,2018-08-20 22:04:11.200,98.0,dgrrqaEJmv,2018-08-20 22:04:11.200,com.sec.android.app.shealth,2018-08-20 22:04:14.548,8d2cdde7-f709-4f2c-aa59-fcc2146b1885,94.0,
2018-05-21 02:43:39.664,UTC-0300,,2018-05-21 02:43:32.067,70.0,avnWu77KPA,2018-05-21 02:43:32.067,com.sec.android.app.shealth,2018-05-21 02:43:39.664,8d6395f5-81ce-41f9-b7bb-72607cd0ac32,91.0,
2018-06-21 03:18:42.006,UTC-0600,,2018-06-21 03:18:32.297,73.0,avnWu77KPA,2018-06-21 03:18:32.297,com.sec.android.app.shealth,2018-06-21 03:18:42.006,8e5e12bd-f42d-4f6b-b479-99aeadcc2205,92.0,
2018-08-22 16:45:12.333,UTC-0300,,2018-08-22 16:45:04.844,87.0,dgrrqaEJmv,2018-08-22 16:45:04.844,com.sec.android.app.shealth,2018-08-22 16:45:12.333,8f55b3b5-7183-4b06-ad70-0c8738e2ce90,93.0,
2018-05-30 16:08:20.628,UTC-0300,,2018-05-30 16:08:01.073,66.0,avnWu77KPA,2018-05-30 16:08:01.073,com.sec.android.app.shealth,2018-05-30 16:08:20.628,8ff1e12d-365b-4d31-90f4-274322e2ddbb,89.0,
2018-08-07 02:25:54.995,UTC-0400,,2018-08-07 02:25:46.877,85.0,dgrrqaEJmv,2018-08-07 02:25:46.877,com.sec.android.app.shealth,2018-08-07 02:25:54.995,903fe945-8fdb-40e6-b76d-5c52bc3005d3,95.0,
2018-08-15 17:30:52.366,UTC-0500,,2018-08-15 17:30:39.168,83.0,dgrrqaEJmv,2018-08-15 17:30:39.168,com.sec.android.app.shealth,2018-08-15 17:30:52.366,90adab0a-d609-4429-a539-8d451aaae7b1,95.0,
2018-08-22 01:26:24.388,UTC-0300,,2018-08-22 01:26:16.979,96.0,dgrrqaEJmv,2018-08-22 01:26:16.979,com.sec.android.app.shealth,2018-08-22 01:26:24.388,90c9d60c-1ee7-40e6-ae3a-a551755a229d,95.0,
2018-06-02 20:39:50.390,UTC-0300,,2018-06-02 20:39:45.018,78.0,avnWu77KPA,2018-06-02 20:39:45.018,com.sec.android.app.shealth,2018-06-02 20:39:50.390,910fe33d-45c9-440c-a99f-10172e0d0c48,90.0,
2018-08-20 15:44:24.472,UTC-0300,,2018-08-20 15:44:13.290,80.0,dgrrqaEJmv,2018-08-20 15:44:13.290,com.sec.android.app.shealth,2018-08-20 15:44:24.472,916f9ba0-1e29-47c1-a79f-bd24c879aef0,93.0,
2018-06-04 01:38:24.892,UTC-0300,,2018-06-04 01:38:05.866,110.0,avnWu77KPA,2018-06-04 01:38:05.866,com.sec.android.app.shealth,2018-06-04 01:38:24.892,931bd2cc-97d6-4a13-a56a-3afc91d49ddb,94.0,
2018-08-03 16:22:23.632,UTC-0300,,2018-08-03 16:22:08.379,71.0,dgrrqaEJmv,2018-08-03 16:22:08.379,com.sec.android.app.shealth,2018-08-03 16:22:23.632,9320ac57-e8f7-4053-b370-409e9fc89a5e,95.0,
2018-06-29 04:53:45.943,UTC-0600,,2018-06-29 04:53:35.371,77.0,avnWu77KPA,2018-06-29 04:53:35.371,com.sec.android.app.shealth,2018-06-29 04:53:45.943,941473e1-98a3-4adc-90c7-1b55976890d7,95.0,
2018-05-20 03:36:00.765,UTC-0300,,2018-05-20 03:35:44.909,60.0,avnWu77KPA,2018-05-20 03:35:44.909,com.sec.android.app.shealth,2018-05-20 03:36:00.765,947f893e-51fe-43b8-9c5e-b45ca8ca69c3,95.0,
2018-06-05 23:38:12.049,UTC-0300,,2018-06-05 23:37:59.206,71.0,avnWu77KPA,2018-06-05 23:37:59.206,com.sec.android.app.shealth,2018-06-05 23:38:12.049,94b7d9b4-7aad-4e9e-a6ce-ae959e4b698d,94.0,
2018-07-03 21:12:11.949,UTC-0600,,2018-07-03 21:12:03.961,72.0,avnWu77KPA,2018-07-03 21:12:03.961,com.sec.android.app.shealth,2018-07-03 21:12:11.949,95751747-0ae4-46e0-9fc0-bddebe486392,95.0,
2018-06-13 21:44:46.288,UTC-0300,,2018-06-13 21:44:33.101,71.0,avnWu77KPA,2018-06-13 21:44:33.101,com.sec.android.app.shealth,2018-06-13 21:44:46.288,95b2d7ce-67ee-4a41-b7e6-3334cc0ba275,97.0,
2018-06-21 02:36:12.807,UTC-0600,,2018-06-21 02:35:57.834,83.0,avnWu77KPA,2018-06-21 02:35:57.834,com.sec.android.app.shealth,2018-06-21 02:36:12.807,972f52e1-0f83-4302-a61e-e4e6720457be,96.0,
2018-08-14 17:44:17.775,UTC-0500,,2018-08-14 17:44:10.198,75.0,dgrrqaEJmv,2018-08-14 17:44:10.198,com.sec.android.app.shealth,2018-08-14 17:44:17.775,97a717fc-6b46-4c59-8357-8d699a0898e3,93.0,
2018-08-10 05:03:01.972,UTC-0400,,2018-08-10 05:02:50.775,53.0,dgrrqaEJmv,2018-08-10 05:02:50.775,com.sec.android.app.shealth,2018-08-10 05:03:01.972,98299936-b4c4-4079-afd3-18f11c75cd46,95.0,
2017-04-15 23:28:07.484,UTC-0300,,2017-04-15 23:27:38.377,61.0,avnWu77KPA,2017-04-15 23:27:31.479,com.sec.android.app.shealth,2017-04-15 23:28:07.484,98cbacbb-5aa6-4674-ad12-e53078414e3e,92.0,
2018-06-03 02:27:51.244,UTC-0300,,2018-06-03 02:27:36.721,77.0,avnWu77KPA,2018-06-03 02:27:36.721,com.sec.android.app.shealth,2018-06-03 02:27:51.244,98d91569-85d9-4c05-a032-892e10ceac94,86.0,
2018-05-29 16:45:02.624,UTC-0300,,2018-05-29 16:44:51.166,71.0,avnWu77KPA,2018-05-29 16:44:51.166,com.sec.android.app.shealth,2018-05-29 16:45:02.624,98e47acd-c7e1-41f7-9b78-c28677d46e3d,92.0,
2018-06-04 19:12:11.154,UTC-0300,,2018-06-04 19:11:57.829,77.0,avnWu77KPA,2018-06-04 19:11:57.829,com.sec.android.app.shealth,2018-06-04 19:12:11.154,98f127aa-3d6b-4d68-b19a-21bb4a259735,88.0,
2018-05-22 20:54:17.000,UTC-0300,,2018-05-22 20:54:00.910,61.0,avnWu77KPA,2018-05-22 20:54:00.910,com.sec.android.app.shealth,2018-05-22 20:54:17.000,9906d157-7b6e-4f8e-82df-295507312ee4,95.0,
2018-06-20 21:55:50.896,UTC-0600,,2018-06-20 21:55:36.607,73.0,avnWu77KPA,2018-06-20 21:55:36.607,com.sec.android.app.shealth,2018-06-20 21:55:50.896,99388288-2863-4ada-b4cb-6d497a0bb2e7,95.0,
2018-07-24 16:51:51.235,UTC-0300,,2018-07-24 16:51:34.649,61.0,dgrrqaEJmv,2018-07-24 16:51:34.649,com.sec.android.app.shealth,2018-07-24 16:51:51.235,9b413fd7-7573-4ab5-af47-4f7294fc1f72,95.0,
2018-07-24 18:45:16.013,UTC-0300,,2018-07-24 18:45:07.593,71.0,dgrrqaEJmv,2018-07-24 18:45:07.593,com.sec.android.app.shealth,2018-07-24 18:45:16.013,9b8dea47-44ee-4109-a593-997e2ce8f762,91.0,
2018-08-03 03:33:39.955,UTC-0300,,2018-08-03 03:33:34.435,77.0,dgrrqaEJmv,2018-08-03 03:33:34.435,com.sec.android.app.shealth,2018-08-03 03:33:39.955,9bd7dcdd-8263-4b43-833f-f76523e6de1e,91.0,
2018-05-23 23:17:06.299,UTC-0300,,2018-05-23 23:16:55.946,78.0,avnWu77KPA,2018-05-23 23:16:55.946,com.sec.android.app.shealth,2018-05-23 23:17:06.299,9c1967d8-7ab7-4b04-956a-edb99dfd1b08,98.0,
2018-08-08 19:02:31.270,UTC-0400,,2018-08-08 19:02:19.863,83.0,dgrrqaEJmv,2018-08-08 19:02:19.863,com.sec.android.app.shealth,2018-08-08 19:02:31.270,9c3c9cfd-80dc-403e-b7ce-ee7932224cc1,95.0,
2018-05-21 21:11:40.731,UTC-0300,,2018-05-21 21:11:28.072,70.0,avnWu77KPA,2018-05-21 21:11:28.072,com.sec.android.app.shealth,2018-05-21 21:11:40.731,9c7a1dfc-fa0f-45fd-8be0-843bcbc242ef,94.0,
2018-08-12 23:27:06.424,UTC-0400,,2018-08-12 23:26:56.458,74.0,dgrrqaEJmv,2018-08-12 23:26:56.458,com.sec.android.app.shealth,2018-08-12 23:27:06.424,9cd2c369-35db-47cb-9721-3a321614b372,94.0,
2018-06-06 17:38:23.941,UTC-0300,,2018-06-06 17:38:18.396,75.0,avnWu77KPA,2018-06-06 17:38:18.396,com.sec.android.app.shealth,2018-06-06 17:38:23.941,9cebd6cb-aa92-45ed-8363-4637c065f90c,97.0,
2018-08-09 01:44:14.677,UTC-0400,,2018-08-09 01:44:04.414,69.0,dgrrqaEJmv,2018-08-09 01:44:04.414,com.sec.android.app.shealth,2018-08-09 01:44:14.677,9e7800b6-6dbb-4536-915d-26d994e81681,92.0,
2018-06-05 05:02:15.293,UTC-0300,,2018-06-05 05:02:08.327,70.0,avnWu77KPA,2018-06-05 05:02:08.327,com.sec.android.app.shealth,2018-06-05 05:02:15.293,9ed1b612-b0f9-45a8-b3e9-7d3a123c5a35,94.0,
2018-08-09 05:33:11.806,UTC-0400,,2018-08-09 05:32:59.473,83.0,dgrrqaEJmv,2018-08-09 05:32:59.473,com.sec.android.app.shealth,2018-08-09 05:33:11.806,9f052e73-43c2-4407-9851-b9b8dd0c3e5f,95.0,
2018-07-10 12:46:45.480,UTC-0300,,2018-07-10 12:46:27.137,67.0,avnWu77KPA,2018-07-10 12:46:27.137,com.sec.android.app.shealth,2018-07-10 12:46:45.480,9ffa7a46-3710-4341-b236-45aefa57f564,93.0,
2018-08-12 19:47:00.442,UTC-0400,,2018-08-12 19:46:51.024,90.0,dgrrqaEJmv,2018-08-12 19:46:51.024,com.sec.android.app.shealth,2018-08-12 19:47:00.442,a0aeef69-330c-4844-b065-3e5d739e3b55,95.0,
2018-07-15 17:13:25.022,UTC-0300,,2018-07-15 17:13:12.425,63.0,avnWu77KPA,2018-07-15 17:13:12.425,com.sec.android.app.shealth,2018-07-15 17:13:25.022,a0d01013-d998-4180-b5c6-6e7cfe3e4833,95.0,
2018-08-09 21:24:49.965,UTC-0400,,2018-08-09 21:24:40.909,75.0,dgrrqaEJmv,2018-08-09 21:24:40.909,com.sec.android.app.shealth,2018-08-09 21:24:49.965,a1620c25-cc05-4015-bf50-84a4a7b35b94,96.0,
2018-05-29 21:53:44.136,UTC-0300,,2018-05-29 21:53:38.645,77.0,avnWu77KPA,2018-05-29 21:53:38.645,com.sec.android.app.shealth,2018-05-29 21:53:44.136,a185293f-441a-45e0-b4a7-7db0986cf4e6,88.0,
2018-07-29 20:55:18.816,UTC-0300,,2018-07-29 20:55:11.529,79.0,dgrrqaEJmv,2018-07-29 20:55:11.529,com.sec.android.app.shealth,2018-07-29 20:55:18.816,a25e10ff-2e54-46f3-ac30-d9ceb8b5d987,98.0,
2018-06-27 01:20:55.811,UTC-0600,,2018-06-27 01:20:35.519,82.0,avnWu77KPA,2018-06-27 01:20:35.519,com.sec.android.app.shealth,2018-06-27 01:20:55.811,a370f43f-0832-456a-9985-ce387ebc2da3,94.0,
2018-05-23 18:12:45.709,UTC-0300,,2018-05-23 18:12:40.065,73.0,avnWu77KPA,2018-05-23 18:12:40.065,com.sec.android.app.shealth,2018-05-23 18:12:45.709,a3a0ffab-07b9-4e59-9ac6-28e22e5b89ca,89.0,
2018-08-08 03:39:27.054,UTC-0400,,2018-08-08 03:39:07.424,60.0,dgrrqaEJmv,2018-08-08 03:39:07.424,com.sec.android.app.shealth,2018-08-08 03:39:27.054,a4296d5e-bc31-4d31-9327-acce06953776,96.0,
2018-07-31 17:31:40.027,UTC-0300,,2018-07-31 17:31:25.127,65.0,dgrrqaEJmv,2018-07-31 17:31:25.127,com.sec.android.app.shealth,2018-07-31 17:31:40.027,a436db88-f40d-4543-8af2-736ad2b08266,94.0,
2018-06-03 04:57:44.274,UTC-0300,,2018-06-03 04:57:23.643,73.0,avnWu77KPA,2018-06-03 04:57:23.643,com.sec.android.app.shealth,2018-06-03 04:57:44.274,a57ff1d8-3333-4fee-ab21-9a4329fd23f4,83.0,
2018-06-06 13:58:47.623,UTC-0300,,2018-06-06 13:58:36.859,76.0,avnWu77KPA,2018-06-06 13:58:36.859,com.sec.android.app.shealth,2018-06-06 13:58:47.623,a5caa3c9-0bbe-40d6-af91-91b359c50104,91.0,
2018-05-29 16:47:01.190,UTC-0300,,2018-05-29 16:46:41.843,76.0,avnWu77KPA,2018-05-29 16:46:41.843,com.sec.android.app.shealth,2018-05-29 16:47:01.190,a62febe6-71d0-457f-9f0a-96c8806e749f,88.0,
2018-08-19 05:12:58.495,UTC-0300,,2018-08-19 05:12:51.382,82.0,dgrrqaEJmv,2018-08-19 05:12:51.382,com.sec.android.app.shealth,2018-08-19 05:12:58.495,a6a767d2-e39b-41c4-8312-3a0e34fe6feb,93.0,
2018-08-20 02:56:33.649,UTC-0300,,2018-08-20 02:56:26.901,78.0,dgrrqaEJmv,2018-08-20 02:56:26.901,com.sec.android.app.shealth,2018-08-20 02:56:33.649,a6be65bb-ca8d-4f29-89e0-7efa5f88a3c8,96.0,
2018-05-29 23:51:09.621,UTC-0300,,2018-05-29 23:50:38.094,86.0,avnWu77KPA,2018-05-29 23:50:38.094,com.sec.android.app.shealth,2018-05-29 23:51:09.621,a8116fea-de80-4757-8fcb-921d27911e88,87.0,
2018-05-30 16:09:07.036,UTC-0300,,2018-05-30 16:08:54.964,67.0,avnWu77KPA,2018-05-30 16:08:54.964,com.sec.android.app.shealth,2018-05-30 16:09:07.036,a819cf23-46b6-49f6-9a86-3a1f365cbbe3,94.0,
2018-06-18 20:19:02.690,UTC-0600,,2018-06-18 20:18:59.607,68.0,avnWu77KPA,2018-06-18 20:18:59.607,com.sec.android.app.shealth,2018-06-18 20:19:02.690,a81dfa5c-36c6-4162-9c19-c84c3a3136ce,96.0,
2018-08-07 05:15:06.583,UTC-0400,,2018-08-07 05:14:57.873,76.0,dgrrqaEJmv,2018-08-07 05:14:57.873,com.sec.android.app.shealth,2018-08-07 05:15:06.583,a8ba13c7-5ba1-42a0-88c5-abe593490324,94.0,
2018-08-11 23:01:42.630,UTC-0400,,2018-08-11 23:01:31.515,79.0,dgrrqaEJmv,2018-08-11 23:01:31.515,com.sec.android.app.shealth,2018-08-11 23:01:42.630,aa508c3d-6ef5-4386-a771-b91b0cbfe7ac,96.0,
2018-06-04 01:40:12.841,UTC-0300,,2018-06-04 01:39:59.067,105.0,avnWu77KPA,2018-06-04 01:39:59.067,com.sec.android.app.shealth,2018-06-04 01:40:12.841,aa654dd5-fdc3-4328-bfb2-5e00cc0e320d,94.0,
2018-06-09 15:39:19.286,UTC-0300,,2018-06-09 15:39:07.228,78.0,avnWu77KPA,2018-06-09 15:39:07.228,com.sec.android.app.shealth,2018-06-09 15:39:19.286,ab0bec04-8a78-4d56-97c7-fd7d574529a1,85.0,
2018-07-12 03:13:58.679,UTC-0300,,2018-07-12 03:13:47.082,74.0,avnWu77KPA,2018-07-12 03:13:47.082,com.sec.android.app.shealth,2018-07-12 03:13:58.679,abbb925c-e822-4d4a-9237-2b4d02c17cb8,95.0,
2018-06-27 23:16:13.481,UTC-0600,,2018-06-27 23:16:03.254,67.0,avnWu77KPA,2018-06-27 23:16:03.254,com.sec.android.app.shealth,2018-06-27 23:16:13.481,ac28873d-4211-427c-8246-993c58ccdab3,97.0,
2018-08-01 14:34:38.258,UTC-0300,,2018-08-01 14:34:25.076,69.0,dgrrqaEJmv,2018-08-01 14:34:25.076,com.sec.android.app.shealth,2018-08-01 14:34:38.258,ac8bd078-e487-433d-a2e3-067d7e427602,94.0,
2018-06-25 20:32:26.562,UTC-0600,,2018-06-25 20:32:14.880,83.0,avnWu77KPA,2018-06-25 20:32:14.880,com.sec.android.app.shealth,2018-06-25 20:32:26.562,acf4feb7-069c-4b8c-8cc3-393ee542e1f3,93.0,
2018-08-16 04:39:46.723,UTC-0500,,2018-08-16 04:39:41.852,92.0,dgrrqaEJmv,2018-08-16 04:39:41.852,com.sec.android.app.shealth,2018-08-16 04:39:46.723,ad1f3f28-dc70-4468-a289-2349e059a611,91.0,
2018-08-14 22:08:21.396,UTC-0500,,2018-08-14 22:08:13.721,85.0,dgrrqaEJmv,2018-08-14 22:08:13.721,com.sec.android.app.shealth,2018-08-14 22:08:21.396,ad2ac9a4-32c8-4e2c-bcee-0dbc76e5648d,92.0,
2018-06-04 20:13:38.938,UTC-0300,,2018-06-04 20:13:25.401,72.0,avnWu77KPA,2018-06-04 20:13:25.401,com.sec.android.app.shealth,2018-06-04 20:13:38.938,ad877267-e0e6-4edc-92b7-38eb770b7caa,94.0,
2018-08-04 05:23:04.767,UTC-0300,,2018-08-04 05:22:58.307,77.0,dgrrqaEJmv,2018-08-04 05:22:58.307,com.sec.android.app.shealth,2018-08-04 05:23:04.767,ad98cf53-2017-4be6-bae7-f2b469acf70c,94.0,
2018-07-12 13:15:46.566,UTC-0300,,2018-07-12 13:15:31.869,60.0,avnWu77KPA,2018-07-12 13:15:31.869,com.sec.android.app.shealth,2018-07-12 13:15:46.566,aeb3dbe3-3633-4ca5-8ac9-047056df3940,95.0,
2018-07-14 23:57:25.374,UTC-0300,,2018-07-14 23:57:12.377,71.0,avnWu77KPA,2018-07-14 23:57:12.377,com.sec.android.app.shealth,2018-07-14 23:57:25.374,aee5c922-0353-4c09-8186-22c14f60da8b,94.0,
2018-08-19 01:44:10.341,UTC-0300,,2018-08-19 01:44:04.434,86.0,dgrrqaEJmv,2018-08-19 01:44:04.434,com.sec.android.app.shealth,2018-08-19 01:44:10.341,af2d7060-565e-44ec-8449-d8e390c54c84,98.0,
2018-05-23 15:33:21.444,UTC-0300,,2018-05-23 15:33:13.177,74.0,avnWu77KPA,2018-05-23 15:33:13.177,com.sec.android.app.shealth,2018-05-23 15:33:21.444,af79edfb-6887-498e-a2ae-bad2473c2009,99.0,
2018-06-11 18:06:42.906,UTC-0300,,2018-06-11 18:06:30.334,73.0,avnWu77KPA,2018-06-11 18:06:30.334,com.sec.android.app.shealth,2018-06-11 18:06:42.906,b025aee1-ca75-48b4-bebb-31d97328ad23,89.0,
2018-06-09 14:11:54.695,UTC-0300,,2018-06-09 14:11:43.077,73.0,avnWu77KPA,2018-06-09 14:11:43.077,com.sec.android.app.shealth,2018-06-09 14:11:54.695,b1b81f93-a587-405f-be3a-5f649c2d8565,92.0,
2018-06-19 22:09:01.544,UTC-0600,,2018-06-19 22:08:50.576,78.0,avnWu77KPA,2018-06-19 22:08:50.576,com.sec.android.app.shealth,2018-06-19 22:09:01.544,b20def81-9ca5-4587-a168-725560e5aa54,94.0,
2018-06-27 22:13:47.494,UTC-0600,,2018-06-27 22:13:30.701,73.0,avnWu77KPA,2018-06-27 22:13:30.701,com.sec.android.app.shealth,2018-06-27 22:13:47.494,b2b8e337-a59e-4276-a75f-52c2acfec4e8,97.0,
2018-06-05 00:48:09.551,UTC-0300,,2018-06-05 00:47:57.869,87.0,avnWu77KPA,2018-06-05 00:47:57.869,com.sec.android.app.shealth,2018-06-05 00:48:09.551,b2d7d6ad-224e-4260-9f68-3a8bb08a6b77,98.0,
2018-06-05 16:11:18.633,UTC-0300,,2018-06-05 16:11:03.672,91.0,avnWu77KPA,2018-06-05 16:11:03.672,com.sec.android.app.shealth,2018-06-05 16:11:18.633,b318e3d2-3af8-4a52-ae2a-c1299303a06a,93.0,
2018-08-05 16:35:19.850,UTC-0300,,2018-08-05 16:35:12.191,74.0,dgrrqaEJmv,2018-08-05 16:35:12.191,com.sec.android.app.shealth,2018-08-05 16:35:19.850,b331f548-5d65-4f4d-8a2e-4b7ed7d97bc3,95.0,
2018-05-20 05:01:15.502,UTC-0300,,2018-05-20 05:01:09.187,64.0,avnWu77KPA,2018-05-20 05:01:09.187,com.sec.android.app.shealth,2018-05-20 05:01:15.502,b41fdea5-021d-47bf-bc0a-535f7f276844,95.0,
2018-08-05 15:33:39.970,UTC-0300,,2018-08-05 15:33:17.471,75.0,dgrrqaEJmv,2018-08-05 15:33:17.471,com.sec.android.app.shealth,2018-08-05 15:33:39.970,b4bbdd51-7fd3-412e-b307-c2258c5a973b,94.0,
2018-07-15 05:51:45.302,UTC-0300,,2018-07-15 05:51:32.530,67.0,avnWu77KPA,2018-07-15 05:51:32.530,com.sec.android.app.shealth,2018-07-15 05:51:45.302,b586ef96-614f-44d3-b025-df414e7849cf,93.0,
2018-08-04 01:51:57.505,UTC-0300,,2018-08-04 01:51:44.796,83.0,dgrrqaEJmv,2018-08-04 01:51:44.796,com.sec.android.app.shealth,2018-08-04 01:51:57.505,b74f7570-23ce-4224-ad14-847062fceb96,93.0,
2018-06-15 16:33:04.199,UTC-0300,,2018-06-15 16:32:54.702,82.0,avnWu77KPA,2018-06-15 16:32:54.702,com.sec.android.app.shealth,2018-06-15 16:33:04.199,b78eb385-851a-49fa-ad95-d0b86e2a71fa,93.0,
2018-06-08 16:46:17.554,UTC-0300,,2018-06-08 16:45:58.563,76.0,avnWu77KPA,2018-06-08 16:45:58.563,com.sec.android.app.shealth,2018-06-08 16:46:17.554,b82eff3a-f468-4d5f-9af0-ed364f23c4d6,90.0,
2018-06-05 00:50:36.025,UTC-0300,,2018-06-05 00:50:20.625,92.0,avnWu77KPA,2018-06-05 00:50:20.625,com.sec.android.app.shealth,2018-06-05 00:50:36.025,b833c179-53f9-4cd2-b375-ec4f653cde97,99.0,
2018-08-08 17:58:59.817,UTC-0400,,2018-08-08 17:58:43.118,85.0,dgrrqaEJmv,2018-08-08 17:58:43.118,com.sec.android.app.shealth,2018-08-08 17:58:59.817,b846061b-1fc2-4b95-bd30-e528f22cf768,94.0,
2018-08-21 20:42:20.623,UTC-0300,,2018-08-21 20:42:11.803,79.0,dgrrqaEJmv,2018-08-21 20:42:11.803,com.sec.android.app.shealth,2018-08-21 20:42:20.623,b86d2963-85cb-4e2f-8434-4a0a8fb25ff7,92.0,
2018-05-21 16:04:16.660,UTC-0300,,2018-05-21 16:03:56.928,71.0,avnWu77KPA,2018-05-21 16:03:56.928,com.sec.android.app.shealth,2018-05-21 16:04:16.660,b9ac58e1-7dcb-4995-a4da-2f3db732da9d,96.0,
2018-08-02 16:52:17.441,UTC-0300,,2018-08-02 16:52:09.978,79.0,dgrrqaEJmv,2018-08-02 16:52:09.978,com.sec.android.app.shealth,2018-08-02 16:52:17.441,ba6d48ad-c8fa-4780-a21d-f0ca3b5638fc,93.0,
2018-05-22 16:35:29.536,UTC-0300,,2018-05-22 16:35:15.146,71.0,avnWu77KPA,2018-05-22 16:35:15.146,com.sec.android.app.shealth,2018-05-22 16:35:29.536,ba73fef7-f996-4796-a40c-f2f37bfe1411,96.0,
2018-06-21 21:37:29.807,UTC-0600,,2018-06-21 21:37:24.537,67.0,avnWu77KPA,2018-06-21 21:37:24.537,com.sec.android.app.shealth,2018-06-21 21:37:29.807,bbcfd8f3-2e82-40b8-a3a3-f98e332d3086,96.0,
2018-08-23 05:02:11.561,UTC-0300,,2018-08-23 05:02:05.739,77.0,dgrrqaEJmv,2018-08-23 05:02:05.739,com.sec.android.app.shealth,2018-08-23 05:02:11.561,bc1b774e-b3d0-47d6-80cc-b2e7235ada78,91.0,
2018-05-21 19:56:13.479,UTC-0300,,2018-05-21 19:55:59.483,79.0,avnWu77KPA,2018-05-21 19:55:59.483,com.sec.android.app.shealth,2018-05-21 19:56:13.479,bc65862c-930d-48da-9d40-2d772e9719db,94.0,
2018-05-21 03:46:20.897,UTC-0300,,2018-05-21 03:46:05.039,67.0,avnWu77KPA,2018-05-21 03:46:05.039,com.sec.android.app.shealth,2018-05-21 03:46:20.897,c1010675-9046-4b55-a1dc-e0fc6cb0a851,94.0,
2018-06-05 16:10:50.848,UTC-0300,,2018-06-05 16:10:36.847,83.0,avnWu77KPA,2018-06-05 16:10:36.847,com.sec.android.app.shealth,2018-06-05 16:10:50.848,c114f6b4-bafd-4e77-a58b-948f9ec4f7ac,91.0,
2018-05-31 04:56:17.043,UTC-0300,,2018-05-31 04:56:08.523,77.0,avnWu77KPA,2018-05-31 04:56:08.523,com.sec.android.app.shealth,2018-05-31 04:56:17.043,c1a6fff5-3a6d-4dd9-94e3-18bb999c5925,92.0,
2018-08-08 05:56:49.549,UTC-0400,,2018-08-08 05:56:41.587,78.0,dgrrqaEJmv,2018-08-08 05:56:41.587,com.sec.android.app.shealth,2018-08-08 05:56:49.549,c22cfbf7-9135-4eaf-b9bd-11cd940a9a85,95.0,
2018-05-29 23:50:24.561,UTC-0300,,2018-05-29 23:50:21.244,81.0,avnWu77KPA,2018-05-29 23:50:21.244,com.sec.android.app.shealth,2018-05-29 23:50:24.561,c2e3d00e-45db-49a0-ba29-a529c6a099f3,91.0,
2018-06-05 22:01:55.455,UTC-0300,,2018-06-05 22:01:39.247,86.0,avnWu77KPA,2018-06-05 22:01:39.247,com.sec.android.app.shealth,2018-06-05 22:01:55.455,c36f11c7-80b1-4570-9d64-460fdc344db0,95.0,
2018-06-11 18:08:09.602,UTC-0300,,2018-06-11 18:07:57.912,64.0,avnWu77KPA,2018-06-11 18:07:57.912,com.sec.android.app.shealth,2018-06-11 18:08:09.602,c3d0d10a-a16c-4ea3-bb39-7a5171ff3963,93.0,
2018-06-21 05:26:17.385,UTC-0600,,2018-06-21 05:26:06.674,79.0,avnWu77KPA,2018-06-21 05:26:06.674,com.sec.android.app.shealth,2018-06-21 05:26:17.385,c4d32870-5460-4174-a1e2-a16b510e3fba,94.0,
2018-06-04 18:18:24.687,UTC-0300,,2018-06-04 18:18:15.228,70.0,avnWu77KPA,2018-06-04 18:18:15.228,com.sec.android.app.shealth,2018-06-04 18:18:24.687,c4e95e8c-8378-4573-85dd-38a38b8630f7,95.0,
2018-05-25 19:16:55.693,UTC-0300,,2018-05-25 19:16:44.731,73.0,avnWu77KPA,2018-05-25 19:16:44.731,com.sec.android.app.shealth,2018-05-25 19:16:55.693,c77725e9-4723-486d-b14f-9450916c1f8b,94.0,
2018-06-05 00:49:01.734,UTC-0300,,2018-06-05 00:48:47.427,85.0,avnWu77KPA,2018-06-05 00:48:47.427,com.sec.android.app.shealth,2018-06-05 00:49:01.734,c81469a0-206e-4363-b3ba-697f0b6cf76b,92.0,
2018-06-26 18:13:37.530,UTC-0600,,2018-06-26 18:13:27.065,87.0,avnWu77KPA,2018-06-26 18:13:27.065,com.sec.android.app.shealth,2018-06-26 18:13:37.530,c8184fa5-a763-44be-b8ce-b7cc42df41f7,96.0,
2018-06-04 01:39:45.929,UTC-0300,,2018-06-04 01:39:37.198,101.0,avnWu77KPA,2018-06-04 01:39:37.198,com.sec.android.app.shealth,2018-06-04 01:39:45.929,c85a32ff-a516-4c1f-858e-741577535671,95.0,
2018-05-22 20:03:53.611,UTC-0300,,2018-05-22 20:03:35.104,62.0,avnWu77KPA,2018-05-22 20:03:35.104,com.sec.android.app.shealth,2018-05-22 20:03:53.611,c8ae89ad-16fd-4167-b852-a248200fe7ef,95.0,
2018-05-30 17:00:06.283,UTC-0300,,2018-05-30 16:59:53.982,75.0,avnWu77KPA,2018-05-30 16:59:53.982,com.sec.android.app.shealth,2018-05-30 17:00:06.283,c9132fcd-8050-46de-90d0-96487b97b6df,90.0,
2018-08-06 05:21:55.581,UTC-0300,,2018-08-06 05:21:44.707,66.0,dgrrqaEJmv,2018-08-06 05:21:44.707,com.sec.android.app.shealth,2018-08-06 05:21:55.581,c9c8d540-4089-454d-9984-df94bc56cf51,92.0,
2018-06-26 01:34:23.196,UTC-0600,,2018-06-26 01:34:12.215,73.0,avnWu77KPA,2018-06-26 01:34:12.215,com.sec.android.app.shealth,2018-06-26 01:34:23.196,cad3d72b-17d5-4c53-8439-147083d754af,92.0,
2018-05-29 21:54:31.608,UTC-0300,,2018-05-29 21:54:23.978,78.0,avnWu77KPA,2018-05-29 21:54:23.978,com.sec.android.app.shealth,2018-05-29 21:54:31.608,cb44daa8-cec4-4c20-842a-10febd8e8bf8,91.0,
2018-08-21 06:38:36.602,UTC-0300,,2018-08-21 06:38:32.370,64.0,dgrrqaEJmv,2018-08-21 06:38:32.370,com.sec.android.app.shealth,2018-08-21 06:38:36.602,ccba0325-d1af-4962-8816-e881d9b9d6b7,93.0,
2018-06-19 21:36:16.022,UTC-0600,,2018-06-19 21:36:09.335,76.0,avnWu77KPA,2018-06-19 21:36:09.335,com.sec.android.app.shealth,2018-06-19 21:36:16.022,ccce3451-b9c8-4736-b4a2-56d39b67062d,100.0,
2018-08-15 05:45:03.851,UTC-0500,,2018-08-15 05:44:53.238,78.0,dgrrqaEJmv,2018-08-15 05:44:53.238,com.sec.android.app.shealth,2018-08-15 05:45:03.851,cdcb3baa-7664-4df2-a77a-e425dc251bd4,93.0,
2018-06-05 05:30:05.903,UTC-0300,,2018-06-05 05:30:01.443,81.0,avnWu77KPA,2018-06-05 05:30:01.443,com.sec.android.app.shealth,2018-06-05 05:30:05.903,ce057ec6-171e-4c0c-98e1-ff828c2b6756,94.0,
2018-05-22 16:37:12.936,UTC-0300,,2018-05-22 16:37:09.076,67.0,avnWu77KPA,2018-05-22 16:37:09.076,com.sec.android.app.shealth,2018-05-22 16:37:12.936,ce781ffc-c5b1-4e52-8e7c-3bde311fd5b2,97.0,
2018-05-22 14:38:21.495,UTC-0300,,2018-05-22 14:38:03.037,61.0,avnWu77KPA,2018-05-22 14:38:03.037,com.sec.android.app.shealth,2018-05-22 14:38:21.495,cecb4589-84c1-423a-9014-ff9ae0aca54e,92.0,
2018-06-03 04:55:43.520,UTC-0300,,2018-06-03 04:55:34.567,63.0,avnWu77KPA,2018-06-03 04:55:34.567,com.sec.android.app.shealth,2018-06-03 04:55:43.520,d16d35d0-178f-40bb-b7d9-6b11a03c5407,87.0,
2018-06-05 05:31:07.842,UTC-0300,,2018-06-05 05:30:58.593,87.0,avnWu77KPA,2018-06-05 05:30:58.593,com.sec.android.app.shealth,2018-06-05 05:31:07.842,d18db87c-a94f-466a-a4da-e4b63027d45e,93.0,
2018-05-22 14:35:32.283,UTC-0300,,2018-05-22 14:35:19.261,63.0,avnWu77KPA,2018-05-22 14:35:19.261,com.sec.android.app.shealth,2018-05-22 14:35:32.283,d1cb834a-9cc7-49d9-9e4a-5f6709d36bd2,94.0,
2018-06-14 23:48:15.594,UTC-0300,,2018-06-14 23:48:03.251,63.0,avnWu77KPA,2018-06-14 23:48:03.251,com.sec.android.app.shealth,2018-06-14 23:48:15.594,d21d8067-0dba-496c-a4b3-c6962988e845,93.0,
2018-06-03 04:58:27.601,UTC-0300,,2018-06-03 04:58:17.410,70.0,avnWu77KPA,2018-06-03 04:58:17.410,com.sec.android.app.shealth,2018-06-03 04:58:27.601,d4aafc2f-bd65-4cf9-aa5d-1280fe4ce6a5,93.0,
2018-06-09 15:39:47.882,UTC-0300,,2018-06-09 15:39:33.990,76.0,avnWu77KPA,2018-06-09 15:39:33.990,com.sec.android.app.shealth,2018-06-09 15:39:47.882,d55aea66-dac2-4803-a02d-e18d4938352f,91.0,
2018-08-23 02:55:46.794,UTC-0300,,2018-08-23 02:55:40.662,87.0,dgrrqaEJmv,2018-08-23 02:55:40.662,com.sec.android.app.shealth,2018-08-23 02:55:46.794,d589fe5e-f165-4346-b2c9-492ee735596d,95.0,
2018-06-04 17:14:01.722,UTC-0300,,2018-06-04 17:13:56.082,67.0,avnWu77KPA,2018-06-04 17:13:56.082,com.sec.android.app.shealth,2018-06-04 17:14:01.722,d6e83102-1a4a-48d8-ae36-8364859597b6,89.0,
2018-06-25 22:46:35.194,UTC-0600,,2018-06-25 22:45:56.823,66.0,avnWu77KPA,2018-06-25 22:45:56.823,com.sec.android.app.shealth,2018-06-25 22:46:35.194,d8707946-aac4-4871-95ac-017c026baf7d,95.0,
2018-05-25 16:43:15.029,UTC-0300,,2018-05-25 16:43:01.727,71.0,avnWu77KPA,2018-05-25 16:43:01.727,com.sec.android.app.shealth,2018-05-25 16:43:15.029,d96895c1-4ab4-4eee-8bc3-797de76d4b42,95.0,
2018-08-12 22:04:54.985,UTC-0400,,2018-08-12 22:04:42.941,79.0,dgrrqaEJmv,2018-08-12 22:04:42.941,com.sec.android.app.shealth,2018-08-12 22:04:54.985,da9224dd-d196-4345-b784-c21ba44e7f9e,94.0,
2018-08-10 01:00:05.348,UTC-0400,,2018-08-10 00:59:53.352,74.0,dgrrqaEJmv,2018-08-10 00:59:53.352,com.sec.android.app.shealth,2018-08-10 01:00:05.348,daf1f4ec-fea4-4983-9461-8c3756bc1308,94.0,
2018-05-23 03:45:39.410,UTC-0300,,2018-05-23 03:45:28.387,69.0,avnWu77KPA,2018-05-23 03:45:28.387,com.sec.android.app.shealth,2018-05-23 03:45:39.410,db47ea6a-de09-4ef5-84fa-77e1c537a5b7,94.0,
2018-08-17 20:01:36.728,UTC-0500,,2018-08-17 20:01:29.533,80.0,dgrrqaEJmv,2018-08-17 20:01:29.533,com.sec.android.app.shealth,2018-08-17 20:01:36.728,dbfd11b2-6b7e-4da5-92b6-bfa03545278e,95.0,
2018-06-11 21:08:40.005,UTC-0300,,2018-06-11 21:08:25.090,81.0,avnWu77KPA,2018-06-11 21:08:25.090,com.sec.android.app.shealth,2018-06-11 21:08:40.005,dc8b1532-af17-4725-b0cd-87dea3acdfa8,92.0,
2018-06-03 00:37:12.944,UTC-0300,,2018-06-03 00:37:01.671,81.0,avnWu77KPA,2018-06-03 00:37:01.671,com.sec.android.app.shealth,2018-06-03 00:37:12.944,dc8e708a-d23f-4837-9fdc-3cb63a04c764,93.0,
2018-08-04 17:43:14.953,UTC-0300,,2018-08-04 17:43:02.012,70.0,dgrrqaEJmv,2018-08-04 17:43:02.012,com.sec.android.app.shealth,2018-08-04 17:43:14.953,dccddf6b-4d1d-439a-89ea-146244f98ade,92.0,
2017-04-11 15:16:23.672,UTC-0300,,2017-04-11 15:15:51.786,76.0,avnWu77KPA,2017-04-11 15:15:45.510,com.sec.android.app.shealth,2017-04-11 15:16:23.672,dd500c62-1526-4a08-91e5-1e078e8245eb,96.0,
2018-06-13 15:35:13.732,UTC-0300,,2018-06-13 15:35:03.682,65.0,avnWu77KPA,2018-06-13 15:35:03.682,com.sec.android.app.shealth,2018-06-13 15:35:13.732,df771548-2ae0-499c-a1ad-7eee20d3aa6f,98.0,
2018-07-26 04:10:50.904,UTC-0300,,2018-07-26 04:10:41.590,71.0,dgrrqaEJmv,2018-07-26 04:10:41.590,com.sec.android.app.shealth,2018-07-26 04:10:50.904,df886c44-4ddb-4f1c-906c-0b33ffee8100,94.0,
2018-07-31 03:15:02.874,UTC-0300,,2018-07-31 03:14:50.335,78.0,dgrrqaEJmv,2018-07-31 03:14:50.335,com.sec.android.app.shealth,2018-07-31 03:15:02.874,e00279eb-2734-4f25-adee-23519ef9d1c9,93.0,
2018-05-22 14:37:06.661,UTC-0300,,2018-05-22 14:36:51.807,56.0,avnWu77KPA,2018-05-22 14:36:51.807,com.sec.android.app.shealth,2018-05-22 14:37:06.661,e1227f7c-f3c6-4683-b023-9f67d2b33cd4,93.0,
2018-06-22 22:24:31.433,UTC-0600,,2018-06-22 22:24:21.008,78.0,avnWu77KPA,2018-06-22 22:24:21.008,com.sec.android.app.shealth,2018-06-22 22:24:31.433,e2f00f6d-b958-45f8-879d-fd7b7f1c666b,94.0,
2018-07-03 18:19:09.903,UTC-0600,,2018-07-03 18:19:00.149,78.0,avnWu77KPA,2018-07-03 18:19:00.149,com.sec.android.app.shealth,2018-07-03 18:19:09.903,e4ac0805-528d-4588-9f40-3e036261286c,96.0,
2018-07-13 04:54:42.621,UTC-0300,,2018-07-13 04:54:39.718,73.0,avnWu77KPA,2018-07-13 04:54:39.718,com.sec.android.app.shealth,2018-07-13 04:54:42.621,e4f961d5-573f-4095-ae81-b812e1f334e1,94.0,
2018-08-23 15:36:36.766,UTC-0300,,2018-08-23 15:36:25.477,69.0,dgrrqaEJmv,2018-08-23 15:36:25.477,com.sec.android.app.shealth,2018-08-23 15:36:36.766,e590762d-185b-4765-ab4a-9a013b9966f2,94.0,
2018-08-16 20:13:14.842,UTC-0500,,2018-08-16 20:13:07.779,75.0,dgrrqaEJmv,2018-08-16 20:13:07.779,com.sec.android.app.shealth,2018-08-16 20:13:14.842,e5a9c3f6-b7de-41e7-a383-09be6a65d7e6,95.0,
2018-06-20 18:48:47.811,UTC-0600,,2018-06-20 18:48:36.288,74.0,avnWu77KPA,2018-06-20 18:48:36.288,com.sec.android.app.shealth,2018-06-20 18:48:47.811,e6276f21-3aeb-411e-a381-ae836c030591,95.0,
2018-07-28 04:47:02.198,UTC-0300,,2018-07-28 04:46:53.709,73.0,dgrrqaEJmv,2018-07-28 04:46:53.709,com.sec.android.app.shealth,2018-07-28 04:47:02.198,e6a26c19-242c-456b-8771-d121527d1162,93.0,
2018-08-11 02:20:51.017,UTC-0400,,2018-08-11 02:20:48.288,77.0,dgrrqaEJmv,2018-08-11 02:20:48.288,com.sec.android.app.shealth,2018-08-11 02:20:51.017,e71341de-2cb1-42ac-9181-8f25fb6b8813,94.0,
2018-06-04 03:39:14.190,UTC-0300,,2018-06-04 03:39:01.992,74.0,avnWu77KPA,2018-06-04 03:39:01.992,com.sec.android.app.shealth,2018-06-04 03:39:14.190,e7a5e34a-a5ea-4deb-a16a-7e5a7616d57d,95.0,
2018-06-11 23:19:22.243,UTC-0300,,2018-06-11 23:19:11.052,66.0,avnWu77KPA,2018-06-11 23:19:11.052,com.sec.android.app.shealth,2018-06-11 23:19:22.243,e87874b3-8adc-4db9-bcef-919f7d87931d,96.0,
2018-06-05 16:13:43.079,UTC-0300,,2018-06-05 16:13:21.908,86.0,avnWu77KPA,2018-06-05 16:13:21.908,com.sec.android.app.shealth,2018-06-05 16:13:43.079,e89e765b-bfe3-4241-950e-ab5976642ea0,89.0,
2018-07-24 02:41:40.681,UTC-0300,,2018-07-24 02:41:25.473,84.0,dgrrqaEJmv,2018-07-24 02:41:25.473,com.sec.android.app.shealth,2018-07-24 02:41:40.681,eac15ba5-e4e4-484e-bcc1-4be60cdd1ab3,97.0,
2018-06-05 17:14:27.414,UTC-0300,,2018-06-05 17:14:16.958,82.0,avnWu77KPA,2018-06-05 17:14:16.958,com.sec.android.app.shealth,2018-06-05 17:14:27.414,eaebf340-be54-423f-a9d2-fca773cd29e6,93.0,
2018-06-05 00:50:07.112,UTC-0300,,2018-06-05 00:49:52.241,76.0,avnWu77KPA,2018-06-05 00:49:52.241,com.sec.android.app.shealth,2018-06-05 00:50:07.112,eba01ef8-d78f-40ea-af64-0a10bacc45dc,98.0,
2018-07-19 03:24:38.901,UTC-0300,,2018-07-19 03:24:21.252,68.0,dgrrqaEJmv,2018-07-19 03:24:21.252,com.sec.android.app.shealth,2018-07-19 03:24:38.901,ebd42418-c306-408e-8b9d-ca8f898d6e9d,95.0,
2018-08-20 00:50:34.130,UTC-0300,,2018-08-20 00:50:24.098,80.0,dgrrqaEJmv,2018-08-20 00:50:24.098,com.sec.android.app.shealth,2018-08-20 00:50:34.130,ebf4fd4f-85e2-4ab7-bf02-631f04dc0116,94.0,
2018-08-05 04:38:30.565,UTC-0300,,2018-08-05 04:38:23.024,82.0,dgrrqaEJmv,2018-08-05 04:38:23.024,com.sec.android.app.shealth,2018-08-05 04:38:30.565,ede0a6fa-b54e-434d-992c-763a1bd7d146,96.0,
2018-06-03 21:30:02.824,UTC-0300,,2018-06-03 21:29:51.079,74.0,avnWu77KPA,2018-06-03 21:29:51.079,com.sec.android.app.shealth,2018-06-03 21:30:02.824,ee603ca6-b6a2-4e31-80c7-cb0a55024f8e,93.0,
2018-06-09 14:11:27.702,UTC-0300,,2018-06-09 14:11:10.467,73.0,avnWu77KPA,2018-06-09 14:11:10.467,com.sec.android.app.shealth,2018-06-09 14:11:27.702,eed3dd93-49c8-4458-94c4-57b4d9a8295b,91.0,
2018-05-22 14:35:06.457,UTC-0300,,2018-05-22 14:34:51.681,58.0,avnWu77KPA,2018-05-22 14:34:51.681,com.sec.android.app.shealth,2018-05-22 14:35:06.457,f00df85e-8a64-4aaa-b4b1-62f24cab9f27,92.0,
2018-08-07 23:16:51.083,UTC-0400,,2018-08-07 23:16:43.851,68.0,dgrrqaEJmv,2018-08-07 23:16:43.851,com.sec.android.app.shealth,2018-08-07 23:16:51.083,f0a99639-fc2c-4940-9993-9030bb48be30,94.0,
2018-07-23 18:16:52.052,UTC-0300,,2018-07-23 18:16:45.334,87.0,dgrrqaEJmv,2018-07-23 18:16:45.334,com.sec.android.app.shealth,2018-07-23 18:16:52.052,f0fad4c1-5ef1-4ab8-867d-0f56d1c69a73,96.0,
2018-08-23 01:25:07.865,UTC-0300,,2018-08-23 01:25:01.323,95.0,dgrrqaEJmv,2018-08-23 01:25:01.323,com.sec.android.app.shealth,2018-08-23 01:25:07.865,f1075700-9dcd-40eb-96ce-ce1695dfb869,96.0,
2018-05-29 21:49:33.330,UTC-0300,,2018-05-29 21:49:29.460,77.0,avnWu77KPA,2018-05-29 21:49:29.460,com.sec.android.app.shealth,2018-05-29 21:49:33.330,f2f7d7ad-70dd-49eb-95eb-60d5c7c8b627,95.0,
2018-06-04 16:11:41.410,UTC-0300,,2018-06-04 16:11:34.233,74.0,avnWu77KPA,2018-06-04 16:11:34.233,com.sec.android.app.shealth,2018-06-04 16:11:41.410,f2fb48ea-de4f-4782-a713-6fef1da5727b,92.0,
2018-08-09 04:32:02.293,UTC-0400,,2018-08-09 04:31:48.251,66.0,dgrrqaEJmv,2018-08-09 04:31:48.251,com.sec.android.app.shealth,2018-08-09 04:32:02.293,f324efb0-2c49-4054-b09d-b21526c2018e,95.0,
2018-07-23 23:40:02.504,UTC-0300,,2018-07-23 23:39:54.046,81.0,dgrrqaEJmv,2018-07-23 23:39:54.046,com.sec.android.app.shealth,2018-07-23 23:40:02.504,f34d9fc3-996d-40b0-b515-78425ac1f3b8,94.0,
2018-08-19 17:59:38.342,UTC-0300,,2018-08-19 17:59:31.820,79.0,dgrrqaEJmv,2018-08-19 17:59:31.820,com.sec.android.app.shealth,2018-08-19 17:59:38.342,f3e71d4d-1849-422e-b1a4-93ee083f2996,96.0,
2018-08-09 02:46:29.910,UTC-0400,,2018-08-09 02:46:25.450,67.0,dgrrqaEJmv,2018-08-09 02:46:25.450,com.sec.android.app.shealth,2018-08-09 02:46:29.910,f4607cfe-980b-45e5-9958-1a7985f11829,94.0,
2018-08-17 17:25:29.600,UTC-0500,,2018-08-17 17:25:25.577,73.0,dgrrqaEJmv,2018-08-17 17:25:25.577,com.sec.android.app.shealth,2018-08-17 17:25:29.600,f48ae8d8-9b5b-41de-a694-64f5b98e9ee4,92.0,
2018-08-08 05:01:09.833,UTC-0400,,2018-08-08 05:01:01.418,67.0,dgrrqaEJmv,2018-08-08 05:01:01.418,com.sec.android.app.shealth,2018-08-08 05:01:09.833,f658e770-f181-42a1-8920-12bfba002187,91.0,
2018-06-12 18:40:09.988,UTC-0300,,2018-06-12 18:39:57.563,85.0,avnWu77KPA,2018-06-12 18:39:57.563,com.sec.android.app.shealth,2018-06-12 18:40:09.988,f6a28190-f7e8-470d-8a85-5d171139ed96,89.0,
2018-08-04 02:55:33.951,UTC-0300,,2018-08-04 02:55:26.820,79.0,dgrrqaEJmv,2018-08-04 02:55:26.820,com.sec.android.app.shealth,2018-08-04 02:55:33.951,f81c4c65-297e-44e6-9708-8074a46fcc61,94.0,
2018-05-19 18:39:47.317,UTC-0300,,2018-05-19 18:39:35.871,76.0,avnWu77KPA,2018-05-19 18:39:35.871,com.sec.android.app.shealth,2018-05-19 18:39:47.317,f82b849e-def3-4b63-9f37-3a81827d25e6,91.0,
2018-06-04 16:08:03.442,UTC-0300,,2018-06-04 16:08:00.111,74.0,avnWu77KPA,2018-06-04 16:08:00.111,com.sec.android.app.shealth,2018-06-04 16:08:03.442,f88f1630-d3c4-4b70-b0eb-eb5d030d30df,100.0,
2018-06-14 21:09:34.731,UTC-0300,,2018-06-14 21:09:21.510,70.0,avnWu77KPA,2018-06-14 21:09:21.510,com.sec.android.app.shealth,2018-06-14 21:09:34.731,fc382d34-52f3-4ec8-bf2b-2f734681b8f8,91.0,
2018-08-07 06:38:14.537,UTC-0400,,2018-08-07 06:38:05.038,65.0,dgrrqaEJmv,2018-08-07 06:38:05.038,com.sec.android.app.shealth,2018-08-07 06:38:14.537,fc608cbb-4bae-4b64-ba59-a1a867307380,95.0,
2018-05-31 02:33:36.952,UTC-0300,,2018-05-31 02:33:23.448,82.0,avnWu77KPA,2018-05-31 02:33:23.448,com.sec.android.app.shealth,2018-05-31 02:33:36.952,fcd496a7-6d02-43e2-b288-1a57d1fbfbc0,90.0,
2018-06-05 05:30:31.091,UTC-0300,,2018-06-05 05:30:24.287,75.0,avnWu77KPA,2018-06-05 05:30:24.287,com.sec.android.app.shealth,2018-06-05 05:30:31.091,fdd935ff-2aed-4299-96ee-4d9dfea3e614,95.0,
2018-06-05 01:08:37.963,UTC-0300,,2018-06-05 01:08:28.022,75.0,avnWu77KPA,2018-06-05 01:08:28.022,com.sec.android.app.shealth,2018-06-05 01:08:37.963,fe2258e8-8985-4536-a4cb-0732564a20e8,96.0,
