com.samsung.shealth.stress,5802009,7
create_time,time_offset,max,custom,end_time,deviceuuid,start_time,score,pkg_name,update_time,min,binning_data,datauuid,tag_id,comment,algorithm
2018-06-25 20:32:26.532,UTC-0600,,0024bc3f-ed7c-455e-82cd-8c4bb02734fc.custom.json,,avnWu77KPA,2018-06-25 20:32:23.917,50.0,com.sec.android.app.shealth,2018-06-25 20:32:26.532,,,0024bc3f-ed7c-455e-82cd-8c4bb02734fc,10002,,
2018-08-07 21:48:49.704,UTC-0400,,03cae23c-e5f0-43c8-acb0-a6c5b52db39a.custom.json,,dgrrqaEJmv,2018-08-07 21:48:47.450,23.0,com.sec.android.app.shealth,2018-08-07 21:48:49.704,,,03cae23c-e5f0-43c8-acb0-a6c5b52db39a,10002,,
2018-06-04 16:11:41.365,UTC-0300,,05a624da-58de-4ab9-b885-cc3d5b0c687c.custom.json,,avnWu77KPA,2018-06-04 16:11:38.956,37.0,com.sec.android.app.shealth,2018-06-04 16:11:41.365,,,05a624da-58de-4ab9-b885-cc3d5b0c687c,10002,,
2018-06-21 18:09:24.533,UTC-0600,,09691a64-89c9-46c9-b1ae-19395e13dba6.custom.json,,avnWu77KPA,2018-06-21 18:09:22.391,50.0,com.sec.android.app.shealth,2018-06-21 18:09:24.533,,,09691a64-89c9-46c9-b1ae-19395e13dba6,10002,,
2018-07-23 23:40:02.476,UTC-0300,,098e1607-d122-4d70-a173-8455b099a242.custom.json,,dgrrqaEJmv,2018-07-23 23:40:00.474,62.0,com.sec.android.app.shealth,2018-07-23 23:40:02.476,,,098e1607-d122-4d70-a173-8455b099a242,10002,,
2018-07-02 20:42:17.239,UTC-0600,,0a09f7c7-0001-4ebd-b864-245e9ed2b417.custom.json,,avnWu77KPA,2018-07-02 20:42:15.659,56.0,com.sec.android.app.shealth,2018-07-02 20:42:17.239,,,0a09f7c7-0001-4ebd-b864-245e9ed2b417,10002,,
2018-05-23 03:45:39.379,UTC-0300,,0a47d07c-4b81-4e3d-bf7b-dd60a5ebefaf.custom.json,,avnWu77KPA,2018-05-23 03:45:36.756,43.0,com.sec.android.app.shealth,2018-05-23 03:45:39.379,,,0a47d07c-4b81-4e3d-bf7b-dd60a5ebefaf,10002,,
2018-06-05 23:37:13.187,UTC-0300,,0a83fb9d-8556-4045-bb27-cc97a5effb02.custom.json,,avnWu77KPA,2018-06-05 23:37:09.913,56.0,com.sec.android.app.shealth,2018-06-05 23:37:13.187,,,0a83fb9d-8556-4045-bb27-cc97a5effb02,10009,,
2018-07-28 04:47:02.167,UTC-0300,,0c663349-935d-44d8-9513-182bf73a19a7.custom.json,,dgrrqaEJmv,2018-07-28 04:46:59.931,75.0,com.sec.android.app.shealth,2018-07-28 04:47:02.167,,,0c663349-935d-44d8-9513-182bf73a19a7,10002,,
2018-05-22 02:50:26.128,UTC-0300,,0c70af30-8062-42d5-9ead-add3c3cca254.custom.json,,avnWu77KPA,2018-05-22 02:50:22.811,56.0,com.sec.android.app.shealth,2018-05-22 02:50:26.128,,,0c70af30-8062-42d5-9ead-add3c3cca254,10002,,
2018-07-24 02:41:40.668,UTC-0300,,0cb6bbf7-797a-4830-a195-dd478098fc9b.custom.json,,dgrrqaEJmv,2018-07-24 02:41:31.477,56.0,com.sec.android.app.shealth,2018-07-24 02:41:40.668,,,0cb6bbf7-797a-4830-a195-dd478098fc9b,10002,,
2018-06-26 18:13:58.561,UTC-0600,,0edf4672-423c-4658-b0dc-ebdcda7adbb0.custom.json,,avnWu77KPA,2018-06-26 18:13:55.668,62.0,com.sec.android.app.shealth,2018-06-26 18:13:58.561,,,0edf4672-423c-4658-b0dc-ebdcda7adbb0,10002,,
2018-08-06 03:51:09.679,UTC-0300,,0fb33064-748c-4084-9e23-ec6c1084331c.custom.json,,dgrrqaEJmv,2018-08-06 03:51:07.575,37.0,com.sec.android.app.shealth,2018-08-06 03:51:09.679,,,0fb33064-748c-4084-9e23-ec6c1084331c,10002,,
2018-06-03 21:30:02.798,UTC-0300,,112ad8c1-06d8-4de3-8a5a-7e4307239870.custom.json,,avnWu77KPA,2018-06-03 21:30:00.420,6.0,com.sec.android.app.shealth,2018-06-03 21:30:02.798,,,112ad8c1-06d8-4de3-8a5a-7e4307239870,10002,,
2018-07-19 01:26:14.557,UTC-0300,,11f803b9-61dd-4fe3-8264-56de15f74156.custom.json,,dgrrqaEJmv,2018-07-19 01:26:12.226,81.0,com.sec.android.app.shealth,2018-07-19 01:26:14.557,,,11f803b9-61dd-4fe3-8264-56de15f74156,10002,,
2018-07-25 17:48:14.463,UTC-0300,,12924e87-47b0-4d4b-8abf-ba070601558a.custom.json,,dgrrqaEJmv,2018-07-25 17:48:10.508,56.0,com.sec.android.app.shealth,2018-07-25 17:48:14.463,,,12924e87-47b0-4d4b-8abf-ba070601558a,10002,,
2018-06-27 17:32:29.016,UTC-0600,,131d259f-c58c-4089-9023-1b632315d8a2.custom.json,,avnWu77KPA,2018-06-27 17:32:25.500,81.0,com.sec.android.app.shealth,2018-06-27 17:32:29.016,,,131d259f-c58c-4089-9023-1b632315d8a2,10002,,
2018-07-25 16:47:56.476,UTC-0300,,13951e2f-49bd-4112-9e6d-e03f21a0c19c.custom.json,,dgrrqaEJmv,2018-07-25 16:47:50.125,56.0,com.sec.android.app.shealth,2018-07-25 16:47:56.476,,,13951e2f-49bd-4112-9e6d-e03f21a0c19c,10002,,
2018-06-04 18:18:24.647,UTC-0300,,14ba8312-ab65-4e52-a05b-85deb0885daa.custom.json,,avnWu77KPA,2018-06-04 18:18:21.232,25.0,com.sec.android.app.shealth,2018-06-04 18:18:24.647,,,14ba8312-ab65-4e52-a05b-85deb0885daa,10002,,
2018-08-05 20:44:18.035,UTC-0300,,1532d093-fb0a-4472-a693-ffb20b7956fb.custom.json,,dgrrqaEJmv,2018-08-05 20:44:15.394,37.0,com.sec.android.app.shealth,2018-08-05 20:44:18.035,,,1532d093-fb0a-4472-a693-ffb20b7956fb,10002,,
2018-07-30 02:27:57.995,UTC-0300,,155812e8-16b9-49e4-933d-9197a789e5ef.custom.json,,dgrrqaEJmv,2018-07-30 02:27:56.321,50.0,com.sec.android.app.shealth,2018-07-30 02:27:57.995,,,155812e8-16b9-49e4-933d-9197a789e5ef,10002,,
2018-05-18 16:50:11.340,UTC-0300,,15e2ac28-7fe8-4c5a-8ae1-2dfce338f3f0.custom.json,,avnWu77KPA,2018-05-18 16:49:59.433,43.0,com.sec.android.app.shealth,2018-05-18 16:50:11.340,,,15e2ac28-7fe8-4c5a-8ae1-2dfce338f3f0,10002,,
2018-06-13 15:37:02.828,UTC-0300,,1762490f-d5f6-42a9-b5de-18ff3141f095.custom.json,,avnWu77KPA,2018-06-13 15:36:59.200,23.0,com.sec.android.app.shealth,2018-06-13 15:37:02.828,,,1762490f-d5f6-42a9-b5de-18ff3141f095,10002,,
2018-06-02 23:11:07.060,UTC-0300,,17d42374-d154-4ddb-81b1-c6f00d98904b.custom.json,,avnWu77KPA,2018-06-02 23:11:04.242,50.0,com.sec.android.app.shealth,2018-06-02 23:11:07.060,,,17d42374-d154-4ddb-81b1-c6f00d98904b,10002,,
2018-07-26 04:10:50.877,UTC-0300,,18471d5b-3173-435c-943b-e35c01edb1ee.custom.json,,dgrrqaEJmv,2018-07-26 04:10:48.105,43.0,com.sec.android.app.shealth,2018-07-26 04:10:50.877,,,18471d5b-3173-435c-943b-e35c01edb1ee,10002,,
2018-05-19 20:38:08.471,UTC-0300,,1888b99e-2929-4eea-9aad-67643cb408ca.custom.json,,avnWu77KPA,2018-05-19 20:38:03.323,6.0,com.sec.android.app.shealth,2018-05-19 20:38:08.471,,,1888b99e-2929-4eea-9aad-67643cb408ca,10001,,
2017-04-11 15:16:23.643,UTC-0300,,1d2a6c68-a1f9-45d3-a668-f44b0d29441b.custom.json,,avnWu77KPA,2017-04-11 15:16:15.547,31.457472,com.sec.android.app.shealth,2017-04-11 15:16:23.643,,,1d2a6c68-a1f9-45d3-a668-f44b0d29441b,10009,,
2018-07-29 18:09:17.617,UTC-0300,,1e4f0a7e-63fe-46c5-8f3b-8a86d3831df6.custom.json,,dgrrqaEJmv,2018-07-29 18:09:15.599,25.0,com.sec.android.app.shealth,2018-07-29 18:09:17.617,,,1e4f0a7e-63fe-46c5-8f3b-8a86d3831df6,10002,,
2018-06-04 17:14:51.071,UTC-0300,,1eefcbe2-75dc-4db7-867f-4a6f6ac45494.custom.json,,avnWu77KPA,2018-06-04 17:14:48.457,37.0,com.sec.android.app.shealth,2018-06-04 17:14:51.071,,,1eefcbe2-75dc-4db7-867f-4a6f6ac45494,10002,,
2018-06-21 21:37:29.772,UTC-0600,,1f7a55ce-7eb3-496b-b49b-8245cc9474a8.custom.json,,avnWu77KPA,2018-06-21 21:37:27.786,43.0,com.sec.android.app.shealth,2018-06-21 21:37:29.772,,,1f7a55ce-7eb3-496b-b49b-8245cc9474a8,10002,,
2018-06-26 01:34:23.171,UTC-0600,,1f87d1a9-f7d7-42fd-add2-3523c73e6ac3.custom.json,,avnWu77KPA,2018-06-26 01:34:20.708,62.0,com.sec.android.app.shealth,2018-06-26 01:34:23.171,,,1f87d1a9-f7d7-42fd-add2-3523c73e6ac3,10002,,
2018-08-01 14:34:38.237,UTC-0300,,2040260d-facf-44ec-b5e4-a74f0fee36b4.custom.json,,dgrrqaEJmv,2018-08-01 14:34:36.050,50.0,com.sec.android.app.shealth,2018-08-01 14:34:38.237,,,2040260d-facf-44ec-b5e4-a74f0fee36b4,10002,,
2018-05-21 02:43:39.638,UTC-0300,,207e7fd7-6bf6-494a-a227-a47365dc8232.custom.json,,avnWu77KPA,2018-05-21 02:43:37.041,43.0,com.sec.android.app.shealth,2018-05-21 02:43:39.638,,,207e7fd7-6bf6-494a-a227-a47365dc8232,10002,,
2018-07-03 19:39:52.215,UTC-0600,,25d588eb-6964-4345-b7dc-ad79ab432fb7.custom.json,,avnWu77KPA,2018-07-03 19:39:49.872,37.0,com.sec.android.app.shealth,2018-07-03 19:39:52.215,,,25d588eb-6964-4345-b7dc-ad79ab432fb7,10002,,
2018-05-21 16:04:16.619,UTC-0300,,25f9d91d-d701-4200-9b1d-dea8ff31f3f6.custom.json,,avnWu77KPA,2018-05-21 16:04:06.856,75.0,com.sec.android.app.shealth,2018-05-21 16:04:16.619,,,25f9d91d-d701-4200-9b1d-dea8ff31f3f6,10002,,
2018-08-02 20:58:47.858,UTC-0300,,26482b85-b5ce-43f1-99d2-43ddda2a5c4b.custom.json,,dgrrqaEJmv,2018-08-02 20:58:44.571,50.0,com.sec.android.app.shealth,2018-08-02 20:58:47.858,,,26482b85-b5ce-43f1-99d2-43ddda2a5c4b,10002,,
2018-08-03 03:33:39.940,UTC-0300,,264fba16-7b76-42ec-8146-383f3025f392.custom.json,,dgrrqaEJmv,2018-08-03 03:33:37.389,37.0,com.sec.android.app.shealth,2018-08-03 03:33:39.940,,,264fba16-7b76-42ec-8146-383f3025f392,10002,,
2018-06-04 02:53:40.679,UTC-0300,,26fa0b9a-1cc2-4a41-acdd-a7ccff5bb842.custom.json,,avnWu77KPA,2018-06-04 02:53:37.605,44.0,com.sec.android.app.shealth,2018-06-04 02:53:40.679,,,26fa0b9a-1cc2-4a41-acdd-a7ccff5bb842,10002,,
2018-06-19 21:36:15.986,UTC-0600,,2dc3a515-8d75-4593-94ea-34c11651043e.custom.json,,avnWu77KPA,2018-06-19 21:36:13.750,50.0,com.sec.android.app.shealth,2018-06-19 21:36:15.986,,,2dc3a515-8d75-4593-94ea-34c11651043e,10002,,
2018-08-02 21:59:26.194,UTC-0300,,2dd0296b-1be8-4974-bfd9-fee8e8803630.custom.json,,dgrrqaEJmv,2018-08-02 21:59:24.059,45.0,com.sec.android.app.shealth,2018-08-02 21:59:26.194,,,2dd0296b-1be8-4974-bfd9-fee8e8803630,10002,,
2018-06-03 19:06:20.705,UTC-0300,,2df6b3d9-492e-4414-9334-41e254e19755.custom.json,,avnWu77KPA,2018-06-03 19:06:18.479,31.0,com.sec.android.app.shealth,2018-06-03 19:06:20.705,,,2df6b3d9-492e-4414-9334-41e254e19755,10002,,
2018-06-27 19:35:41.898,UTC-0600,,32db2eb5-3234-4f45-99f3-3c8f7c21ff2c.custom.json,,avnWu77KPA,2018-06-27 19:35:38.844,37.0,com.sec.android.app.shealth,2018-06-27 19:35:41.898,,,32db2eb5-3234-4f45-99f3-3c8f7c21ff2c,10002,,
2018-06-14 21:09:34.692,UTC-0300,,331e4944-d853-400c-9958-1f321b5f1380.custom.json,,avnWu77KPA,2018-06-14 21:09:29.845,25.0,com.sec.android.app.shealth,2018-06-14 21:09:34.692,,,331e4944-d853-400c-9958-1f321b5f1380,10002,,
2018-07-12 04:14:41.950,UTC-0300,,33c367a1-9236-483c-bec5-598b5d413962.custom.json,,avnWu77KPA,2018-07-12 04:14:39.760,68.0,com.sec.android.app.shealth,2018-07-12 04:14:41.950,,,33c367a1-9236-483c-bec5-598b5d413962,10002,,
2018-06-18 19:26:34.893,UTC-0600,,36e0143c-b8ec-4f30-8fb6-71ddb92ac3f4.custom.json,,avnWu77KPA,2018-06-18 19:26:31.609,50.0,com.sec.android.app.shealth,2018-06-18 19:26:34.893,,,36e0143c-b8ec-4f30-8fb6-71ddb92ac3f4,10002,,
2018-08-08 02:37:05.386,UTC-0400,,37b1d74a-373f-4bf6-b850-7f276a6d6108.custom.json,,dgrrqaEJmv,2018-08-08 02:37:02.861,31.0,com.sec.android.app.shealth,2018-08-08 02:37:05.386,,,37b1d74a-373f-4bf6-b850-7f276a6d6108,10002,,
2018-05-31 03:44:46.115,UTC-0300,,37eff4ff-4921-4d49-8778-7c7e3687df66.custom.json,,avnWu77KPA,2018-05-31 03:44:44.227,75.0,com.sec.android.app.shealth,2018-05-31 03:44:46.115,,,37eff4ff-4921-4d49-8778-7c7e3687df66,10002,,
2018-06-06 00:38:29.322,UTC-0300,,382c83b3-94ac-4e8a-a23a-c7edee085445.custom.json,,avnWu77KPA,2018-06-06 00:38:25.932,68.0,com.sec.android.app.shealth,2018-06-06 00:41:06.358,,,382c83b3-94ac-4e8a-a23a-c7edee085445,10009,,
2018-06-09 19:49:00.867,UTC-0300,,39560181-e69e-4e57-9614-1527580eb8a0.custom.json,,avnWu77KPA,2018-06-09 19:48:57.550,37.0,com.sec.android.app.shealth,2018-06-09 19:49:00.867,,,39560181-e69e-4e57-9614-1527580eb8a0,10002,,
2018-05-21 19:56:13.453,UTC-0300,,39aca446-dc3a-49b3-912d-305cbeb0faa9.custom.json,,avnWu77KPA,2018-05-21 19:56:10.135,31.0,com.sec.android.app.shealth,2018-05-21 19:56:13.453,,,39aca446-dc3a-49b3-912d-305cbeb0faa9,10002,,
2018-06-18 20:19:02.665,UTC-0600,,3b2782db-64b0-4f0e-b0e6-dfebd2f767ee.custom.json,,avnWu77KPA,2018-06-18 20:19:00.193,45.0,com.sec.android.app.shealth,2018-06-18 20:19:02.665,,,3b2782db-64b0-4f0e-b0e6-dfebd2f767ee,10002,,
2018-06-03 20:05:48.429,UTC-0300,,3bdfd4c2-7f8e-4807-bfb9-2935b94107d8.custom.json,,avnWu77KPA,2018-06-03 20:05:46.061,43.0,com.sec.android.app.shealth,2018-06-03 20:05:48.429,,,3bdfd4c2-7f8e-4807-bfb9-2935b94107d8,10002,,
2018-06-28 21:07:29.422,UTC-0600,,3c2305b5-be1f-4d9c-80af-0f66a5e102e9.custom.json,,avnWu77KPA,2018-06-28 21:07:27.170,62.0,com.sec.android.app.shealth,2018-06-28 21:07:29.422,,,3c2305b5-be1f-4d9c-80af-0f66a5e102e9,10002,,
2018-05-22 20:03:53.586,UTC-0300,,3d00cf2e-25f1-426c-9182-cbf5af896e67.custom.json,,avnWu77KPA,2018-05-22 20:03:49.645,50.0,com.sec.android.app.shealth,2018-05-22 20:03:53.586,,,3d00cf2e-25f1-426c-9182-cbf5af896e67,10002,,
2018-07-31 17:31:40.016,UTC-0300,,4145cb7c-d0f5-4b50-8ab9-3d2a3da7dd98.custom.json,,dgrrqaEJmv,2018-07-31 17:31:37.233,50.0,com.sec.android.app.shealth,2018-07-31 17:31:40.016,,,4145cb7c-d0f5-4b50-8ab9-3d2a3da7dd98,10002,,
2018-07-02 21:42:50.320,UTC-0600,,418ab75d-2b64-44fc-8413-dcd2200e5473.custom.json,,avnWu77KPA,2018-07-02 21:42:48.227,62.0,com.sec.android.app.shealth,2018-07-02 21:42:50.320,,,418ab75d-2b64-44fc-8413-dcd2200e5473,10002,,
2018-06-13 21:44:46.252,UTC-0300,,41a4f6d7-6e2b-4d5c-a777-bfe4a674bff6.custom.json,,avnWu77KPA,2018-06-13 21:44:43.805,31.0,com.sec.android.app.shealth,2018-06-13 21:44:46.252,,,41a4f6d7-6e2b-4d5c-a777-bfe4a674bff6,10002,,
2018-05-21 03:46:20.871,UTC-0300,,41a7c7c8-739d-4729-9af7-be6aa8eddd25.custom.json,,avnWu77KPA,2018-05-21 03:46:16.020,50.0,com.sec.android.app.shealth,2018-05-21 03:46:20.871,,,41a7c7c8-739d-4729-9af7-be6aa8eddd25,10002,,
2018-07-31 01:01:16.318,UTC-0300,,4319c42d-072f-4bd1-8e8e-607a07404600.custom.json,,dgrrqaEJmv,2018-07-31 01:01:13.291,56.0,com.sec.android.app.shealth,2018-07-31 01:01:16.318,,,4319c42d-072f-4bd1-8e8e-607a07404600,10002,,
2018-06-07 22:05:02.896,UTC-0300,,43e2de8d-e343-402e-a144-bef55e2979d5.custom.json,,avnWu77KPA,2018-06-07 22:04:59.618,75.0,com.sec.android.app.shealth,2018-06-07 22:05:02.896,,,43e2de8d-e343-402e-a144-bef55e2979d5,10002,,
2018-05-29 16:45:02.603,UTC-0300,,43ece67b-be9d-4544-8b3a-c13148eca145.custom.json,,avnWu77KPA,2018-05-29 16:44:59.303,43.0,com.sec.android.app.shealth,2018-05-29 16:45:02.603,,,43ece67b-be9d-4544-8b3a-c13148eca145,10002,,
2018-06-12 18:40:09.956,UTC-0300,,45dd62f5-00b5-41bb-81de-addf50e77721.custom.json,,avnWu77KPA,2018-06-12 18:40:07.313,50.0,com.sec.android.app.shealth,2018-06-12 18:40:09.956,,,45dd62f5-00b5-41bb-81de-addf50e77721,10002,,
2018-08-07 17:16:30.706,UTC-0400,,460287bb-a5b5-4366-ac96-b81d9e59802c.custom.json,,dgrrqaEJmv,2018-08-07 17:16:27.830,68.0,com.sec.android.app.shealth,2018-08-07 17:16:30.706,,,460287bb-a5b5-4366-ac96-b81d9e59802c,10002,,
2018-07-13 04:54:42.569,UTC-0300,,49b0b623-b46d-404c-9acb-95819f9c3b22.custom.json,,avnWu77KPA,2018-07-13 04:54:40.279,62.0,com.sec.android.app.shealth,2018-07-13 04:54:42.569,,,49b0b623-b46d-404c-9acb-95819f9c3b22,10002,,
2018-06-25 19:05:40.653,UTC-0600,,4a38c3ed-0379-4446-a8c5-7e444e203de8.custom.json,,avnWu77KPA,2018-06-25 19:05:38.532,54.0,com.sec.android.app.shealth,2018-06-25 19:05:40.653,,,4a38c3ed-0379-4446-a8c5-7e444e203de8,10002,,
2018-06-12 19:40:58.959,UTC-0300,,4a8f7f94-1dc1-420b-bafe-7f032e9a7e74.custom.json,,avnWu77KPA,2018-06-12 19:40:55.592,62.0,com.sec.android.app.shealth,2018-06-12 19:40:58.959,,,4a8f7f94-1dc1-420b-bafe-7f032e9a7e74,10002,,
2018-05-30 16:07:01.636,UTC-0300,,4ac4b9ab-29b0-45e9-9fe3-d40097a241b5.custom.json,,avnWu77KPA,2018-05-30 16:06:58.028,31.0,com.sec.android.app.shealth,2018-05-30 16:07:01.636,,,4ac4b9ab-29b0-45e9-9fe3-d40097a241b5,10002,,
2018-05-21 18:54:59.257,UTC-0300,,4b53d2d6-ea28-4c62-b17c-db0d6010bcd5.custom.json,,avnWu77KPA,2018-05-21 18:54:44.454,50.0,com.sec.android.app.shealth,2018-05-21 18:54:59.257,,,4b53d2d6-ea28-4c62-b17c-db0d6010bcd5,10002,,
2018-08-04 17:43:14.940,UTC-0300,,4cc419a6-cecf-4b6b-add5-d8ddda0e22b0.custom.json,,dgrrqaEJmv,2018-08-04 17:43:12.815,56.0,com.sec.android.app.shealth,2018-08-04 17:43:14.940,,,4cc419a6-cecf-4b6b-add5-d8ddda0e22b0,10002,,
2018-06-09 04:12:25.602,UTC-0300,,4ce61fbe-a997-4dad-9489-a0752e496542.custom.json,,avnWu77KPA,2018-06-09 04:12:22.433,50.0,com.sec.android.app.shealth,2018-06-09 04:12:25.602,,,4ce61fbe-a997-4dad-9489-a0752e496542,10002,,
2018-07-30 19:00:46.134,UTC-0300,,4d109a82-6030-4e47-a10c-c51e5552100a.custom.json,,dgrrqaEJmv,2018-07-30 19:00:43.786,43.0,com.sec.android.app.shealth,2018-07-30 19:00:46.134,,,4d109a82-6030-4e47-a10c-c51e5552100a,10002,,
2018-05-23 00:19:00.195,UTC-0300,,4f83514b-3ffd-4262-9e4b-a04df2b88b8f.custom.json,,avnWu77KPA,2018-05-23 00:18:54.399,62.0,com.sec.android.app.shealth,2018-05-23 00:19:00.195,,,4f83514b-3ffd-4262-9e4b-a04df2b88b8f,10002,,
2018-06-03 00:37:12.926,UTC-0300,,514d5d11-5671-4751-9e70-f6fe78c364fe.custom.json,,avnWu77KPA,2018-06-03 00:37:10.876,43.0,com.sec.android.app.shealth,2018-06-03 00:37:12.926,,,514d5d11-5671-4751-9e70-f6fe78c364fe,10002,,
2018-07-28 03:44:12.672,UTC-0300,,519aee63-c847-41d8-8390-4e7b601719ed.custom.json,,dgrrqaEJmv,2018-07-28 03:44:10.353,37.0,com.sec.android.app.shealth,2018-07-28 03:44:12.672,,,519aee63-c847-41d8-8390-4e7b601719ed,10002,,
2018-06-07 01:03:24.053,UTC-0300,,5200bd88-4ffe-4678-be25-e5af36221bf1.custom.json,,avnWu77KPA,2018-06-07 01:03:20.785,68.0,com.sec.android.app.shealth,2018-06-07 01:03:24.053,,,5200bd88-4ffe-4678-be25-e5af36221bf1,10002,,
2018-06-18 22:58:07.555,UTC-0600,,52681f14-9187-4af1-9775-e8d5c653d970.custom.json,,avnWu77KPA,2018-06-18 22:58:05.432,68.0,com.sec.android.app.shealth,2018-06-18 22:58:07.555,,,52681f14-9187-4af1-9775-e8d5c653d970,10002,,
2018-07-13 03:00:06.984,UTC-0300,,5425bbc0-716f-466f-a9fd-a9dc96d0d9f8.custom.json,,avnWu77KPA,2018-07-13 03:00:03.849,87.0,com.sec.android.app.shealth,2018-07-13 03:00:06.984,,,5425bbc0-716f-466f-a9fd-a9dc96d0d9f8,10002,,
2018-07-15 05:51:45.266,UTC-0300,,549fe944-a981-4244-a136-a404cdbfa21a.custom.json,,avnWu77KPA,2018-07-15 05:51:43.106,31.0,com.sec.android.app.shealth,2018-07-15 05:51:45.266,,,549fe944-a981-4244-a136-a404cdbfa21a,10002,,
2018-05-24 21:57:27.882,UTC-0300,,55787623-2207-41c7-8b8b-4ad269e59f24.custom.json,,avnWu77KPA,2018-05-24 21:57:24.794,50.0,com.sec.android.app.shealth,2018-05-24 21:57:27.882,,,55787623-2207-41c7-8b8b-4ad269e59f24,10002,,
2018-06-20 21:55:50.852,UTC-0600,,55e164bb-e0aa-46c6-bbb0-11daa42b0562.custom.json,,avnWu77KPA,2018-06-20 21:55:48.689,62.0,com.sec.android.app.shealth,2018-06-20 21:55:50.852,,,55e164bb-e0aa-46c6-bbb0-11daa42b0562,10002,,
2018-08-07 23:16:51.068,UTC-0400,,55eff86e-e01e-4b5f-a230-ec8a5d0c95e0.custom.json,,dgrrqaEJmv,2018-08-07 23:16:48.614,25.0,com.sec.android.app.shealth,2018-08-07 23:16:51.068,,,55eff86e-e01e-4b5f-a230-ec8a5d0c95e0,10002,,
2018-05-22 22:08:05.329,UTC-0300,,56af398d-50a3-4184-a7d0-b95f682b206c.custom.json,,avnWu77KPA,2018-05-22 22:08:01.871,31.0,com.sec.android.app.shealth,2018-05-22 22:08:05.329,,,56af398d-50a3-4184-a7d0-b95f682b206c,10002,,
2017-04-15 23:28:07.435,UTC-0300,,56ea1cd5-ecad-424f-8577-842495e2cd73.custom.json,,avnWu77KPA,2017-04-15 23:28:02.142,15.6992855,com.sec.android.app.shealth,2017-04-15 23:28:07.435,,,56ea1cd5-ecad-424f-8577-842495e2cd73,10002,,
2018-06-13 22:44:36.563,UTC-0300,,57d15543-d513-42c1-9efa-92722483c90b.custom.json,,avnWu77KPA,2018-06-13 22:44:33.517,50.0,com.sec.android.app.shealth,2018-06-13 22:44:36.563,,,57d15543-d513-42c1-9efa-92722483c90b,10002,,
2018-08-05 15:33:39.949,UTC-0300,,57e4f9ef-17b4-4cb3-bab2-14ea444ea98a.custom.json,,dgrrqaEJmv,2018-08-05 15:33:26.053,68.0,com.sec.android.app.shealth,2018-08-05 15:33:39.949,,,57e4f9ef-17b4-4cb3-bab2-14ea444ea98a,10002,,
2018-06-29 04:53:45.912,UTC-0600,,59e14b4d-d695-452a-9082-e2f34585f70f.custom.json,,avnWu77KPA,2018-06-29 04:53:43.654,56.0,com.sec.android.app.shealth,2018-06-29 04:53:45.912,,,59e14b4d-d695-452a-9082-e2f34585f70f,10002,,
2018-07-12 13:15:46.534,UTC-0300,,5b46fa1e-18b0-4906-ba9d-8b6d7b812965.custom.json,,avnWu77KPA,2018-07-12 13:15:42.172,37.0,com.sec.android.app.shealth,2018-07-12 13:15:46.534,,,5b46fa1e-18b0-4906-ba9d-8b6d7b812965,10002,,
2018-06-08 16:46:17.519,UTC-0300,,5bd2161e-752e-4ece-9d6d-b8908c0f99c1.custom.json,,avnWu77KPA,2018-06-08 16:46:14.733,18.0,com.sec.android.app.shealth,2018-06-08 16:46:17.519,,,5bd2161e-752e-4ece-9d6d-b8908c0f99c1,10002,,
2018-05-23 23:17:06.264,UTC-0300,,5c84d662-d068-4664-ac61-ee92aedf3d77.custom.json,,avnWu77KPA,2018-05-23 23:17:04.283,56.0,com.sec.android.app.shealth,2018-05-23 23:17:06.264,,,5c84d662-d068-4664-ac61-ee92aedf3d77,10002,,
2018-07-29 20:55:18.794,UTC-0300,,5cf1aac0-bf9b-4bc6-ae22-a4ea171104df.custom.json,,dgrrqaEJmv,2018-07-29 20:55:16.539,43.0,com.sec.android.app.shealth,2018-07-29 20:55:18.794,,,5cf1aac0-bf9b-4bc6-ae22-a4ea171104df,10002,,
2017-04-13 18:47:34.724,UTC-0300,,5e025448-df55-4c7e-aa81-c766a9fc5938.custom.json,,avnWu77KPA,2017-04-13 18:47:25.088,26.056448,com.sec.android.app.shealth,2017-04-13 18:47:34.724,,,5e025448-df55-4c7e-aa81-c766a9fc5938,10002,,
2018-07-19 00:22:47.517,UTC-0300,,5ec1cb17-3c7e-4a7b-bad5-33e0913eac3f.custom.json,,dgrrqaEJmv,2018-07-19 00:22:45.221,75.0,com.sec.android.app.shealth,2018-07-19 00:22:47.517,,,5ec1cb17-3c7e-4a7b-bad5-33e0913eac3f,10002,,
2018-08-05 04:38:30.543,UTC-0300,,60b89c18-d636-40a8-be33-68b5de29ef6b.custom.json,,dgrrqaEJmv,2018-08-05 04:38:28.104,75.0,com.sec.android.app.shealth,2018-08-05 04:38:30.543,,,60b89c18-d636-40a8-be33-68b5de29ef6b,10002,,
2018-06-05 00:48:09.523,UTC-0300,,612949e1-5850-449b-9379-6be94c47e828.custom.json,,avnWu77KPA,2018-06-05 00:48:07.822,50.0,com.sec.android.app.shealth,2018-06-05 00:48:09.523,,,612949e1-5850-449b-9379-6be94c47e828,10002,,
2018-05-30 03:51:10.462,UTC-0300,,617b470e-62e9-4fc6-9467-be0438a866cb.custom.json,,avnWu77KPA,2018-05-30 03:51:08.209,56.0,com.sec.android.app.shealth,2018-05-30 03:51:10.462,,,617b470e-62e9-4fc6-9467-be0438a866cb,10002,,
2018-08-08 01:12:32.985,UTC-0400,,6195db5e-5f5b-466f-8bab-6a00efeb0d0f.custom.json,,dgrrqaEJmv,2018-08-08 01:12:30.533,31.0,com.sec.android.app.shealth,2018-08-08 01:12:32.985,,,6195db5e-5f5b-466f-8bab-6a00efeb0d0f,10002,,
2018-07-14 23:57:25.342,UTC-0300,,61e47a6e-b7e8-42b1-8c38-40698f2d5cba.custom.json,,avnWu77KPA,2018-07-14 23:57:22.899,75.0,com.sec.android.app.shealth,2018-07-14 23:57:25.342,,,61e47a6e-b7e8-42b1-8c38-40698f2d5cba,10002,,
2018-06-13 16:27:00.447,UTC-0300,,636e32b3-ded1-4327-8a83-2810ff981a84.custom.json,,avnWu77KPA,2018-06-13 16:26:57.909,43.0,com.sec.android.app.shealth,2018-06-13 16:27:00.447,,,636e32b3-ded1-4327-8a83-2810ff981a84,10002,,
2018-06-12 01:24:50.737,UTC-0300,,63cd8da7-6ac5-497b-b36b-d80d364734ab.custom.json,,avnWu77KPA,2018-06-12 01:24:47.361,56.0,com.sec.android.app.shealth,2018-06-12 01:24:50.737,,,63cd8da7-6ac5-497b-b36b-d80d364734ab,10002,,
2018-06-18 18:13:51.907,UTC-0600,,675fdd55-4eda-40e3-913a-fef29712b424.custom.json,,avnWu77KPA,2018-06-18 18:13:48.487,68.0,com.sec.android.app.shealth,2018-06-18 18:13:51.907,,,675fdd55-4eda-40e3-913a-fef29712b424,10002,,
2018-05-24 21:08:06.041,UTC-0300,,67778928-a8c1-4e45-bccc-f3611037c036.custom.json,,avnWu77KPA,2018-05-24 21:08:01.898,62.0,com.sec.android.app.shealth,2018-05-24 21:08:06.041,,,67778928-a8c1-4e45-bccc-f3611037c036,10002,,
2018-06-27 21:08:57.675,UTC-0600,,6a63318b-3fa3-40d5-8929-c1542f342ded.custom.json,,avnWu77KPA,2018-06-27 21:08:54.673,68.0,com.sec.android.app.shealth,2018-06-27 21:08:57.675,,,6a63318b-3fa3-40d5-8929-c1542f342ded,10002,,
2018-06-21 02:36:40.149,UTC-0600,,6c34bbf8-172c-40a8-b5a5-83f376e5ba0e.custom.json,,avnWu77KPA,2018-06-21 02:36:37.996,75.0,com.sec.android.app.shealth,2018-06-21 02:36:40.149,,,6c34bbf8-172c-40a8-b5a5-83f376e5ba0e,10002,,
2018-05-25 23:10:57.307,UTC-0300,,6d39af89-4a9f-4aa5-a17e-947a8cbbfe78.custom.json,,avnWu77KPA,2018-05-25 23:10:53.618,16.0,com.sec.android.app.shealth,2018-05-25 23:10:57.307,,,6d39af89-4a9f-4aa5-a17e-947a8cbbfe78,10002,,
2018-06-22 21:22:55.086,UTC-0600,,6e776bf7-d436-4d1d-9178-661f4829834c.custom.json,,avnWu77KPA,2018-06-22 21:22:52.709,25.0,com.sec.android.app.shealth,2018-06-22 21:22:55.086,,,6e776bf7-d436-4d1d-9178-661f4829834c,10002,,
2018-06-18 21:21:41.161,UTC-0600,,6e9ea692-5d7b-43e2-8a91-5ae3056df529.custom.json,,avnWu77KPA,2018-06-18 21:21:36.505,43.0,com.sec.android.app.shealth,2018-06-18 21:21:41.161,,,6e9ea692-5d7b-43e2-8a91-5ae3056df529,10002,,
2018-06-22 00:12:55.534,UTC-0600,,71339108-4144-402b-9c8c-50e435be669b.custom.json,,avnWu77KPA,2018-06-22 00:12:52.491,43.0,com.sec.android.app.shealth,2018-06-22 00:12:55.534,,,71339108-4144-402b-9c8c-50e435be669b,10002,,
2018-05-22 16:37:12.900,UTC-0300,,71b79a5e-bfff-4a3d-8d96-354647f60531.custom.json,,avnWu77KPA,2018-05-22 16:37:09.650,40.0,com.sec.android.app.shealth,2018-05-22 16:37:12.900,,,71b79a5e-bfff-4a3d-8d96-354647f60531,10002,,
2018-08-03 16:22:23.621,UTC-0300,,71e0ee4c-164f-4947-8e7d-0cb43d454fa4.custom.json,,dgrrqaEJmv,2018-08-03 16:22:21.179,56.0,com.sec.android.app.shealth,2018-08-03 16:22:23.621,,,71e0ee4c-164f-4947-8e7d-0cb43d454fa4,10002,,
2018-05-29 21:53:44.097,UTC-0300,,73384399-899f-47ad-a581-3e257178f6c8.custom.json,,avnWu77KPA,2018-05-29 21:53:40.552,62.0,com.sec.android.app.shealth,2018-05-29 21:53:44.097,,,73384399-899f-47ad-a581-3e257178f6c8,10002,,
2018-06-23 04:47:56.751,UTC-0600,,74db05e4-5580-4599-9b99-1cb58a51f3c1.custom.json,,avnWu77KPA,2018-06-23 04:47:54.489,62.0,com.sec.android.app.shealth,2018-06-23 04:47:56.751,,,74db05e4-5580-4599-9b99-1cb58a51f3c1,10002,,
2018-06-27 01:20:55.747,UTC-0600,,76e0e08c-0bd2-4bf2-a4a4-ba14bb70c316.custom.json,,avnWu77KPA,2018-06-27 01:20:44.090,75.0,com.sec.android.app.shealth,2018-06-27 01:20:55.747,,,76e0e08c-0bd2-4bf2-a4a4-ba14bb70c316,10002,,
2018-06-04 04:36:11.501,UTC-0300,,7723bc36-9dd8-4607-93c8-944bd19a7976.custom.json,,avnWu77KPA,2018-06-04 04:36:09.406,31.0,com.sec.android.app.shealth,2018-06-04 04:36:11.501,,,7723bc36-9dd8-4607-93c8-944bd19a7976,10002,,
2018-08-05 23:55:15.296,UTC-0300,,77f098d1-d21b-4f5d-80a5-c002b0af8194.custom.json,,dgrrqaEJmv,2018-08-05 23:55:12.753,75.0,com.sec.android.app.shealth,2018-08-05 23:55:15.296,,,77f098d1-d21b-4f5d-80a5-c002b0af8194,10002,,
2018-05-21 21:11:40.687,UTC-0300,,7880c3d7-ce94-4f23-8550-bb0efb363421.custom.json,,avnWu77KPA,2018-05-21 21:11:37.414,37.0,com.sec.android.app.shealth,2018-05-21 21:11:40.687,,,7880c3d7-ce94-4f23-8550-bb0efb363421,10002,,
2018-07-24 18:45:15.998,UTC-0300,,78de2ea6-9b25-4eea-a9f1-3e2f26216dca.custom.json,,dgrrqaEJmv,2018-07-24 18:45:13.999,37.0,com.sec.android.app.shealth,2018-07-24 18:45:15.998,,,78de2ea6-9b25-4eea-a9f1-3e2f26216dca,10002,,
2018-06-19 18:22:12.300,UTC-0600,,79dac09e-778e-44d1-bcdf-70ca4a033f14.custom.json,,avnWu77KPA,2018-06-19 18:22:09.960,62.0,com.sec.android.app.shealth,2018-06-19 18:22:12.300,,,79dac09e-778e-44d1-bcdf-70ca4a033f14,10002,,
2018-05-24 15:46:45.992,UTC-0300,,7a14b9e5-8515-450d-9f8f-a337a406c9bd.custom.json,,avnWu77KPA,2018-05-24 15:46:41.665,43.0,com.sec.android.app.shealth,2018-05-24 15:46:45.992,,,7a14b9e5-8515-450d-9f8f-a337a406c9bd,10002,,
2018-05-23 16:36:52.592,UTC-0300,,7bf60fd7-4011-464d-ad61-824f33556be5.custom.json,,avnWu77KPA,2018-05-23 16:36:49.988,62.0,com.sec.android.app.shealth,2018-05-23 16:36:52.592,,,7bf60fd7-4011-464d-ad61-824f33556be5,10002,,
2018-05-29 23:50:24.527,UTC-0300,,7e8d3da4-0dd6-463b-9790-b314f1fdbfb6.custom.json,,avnWu77KPA,2018-05-29 23:50:21.870,75.0,com.sec.android.app.shealth,2018-05-29 23:50:24.527,,,7e8d3da4-0dd6-463b-9790-b314f1fdbfb6,10002,,
2018-05-25 19:16:55.651,UTC-0300,,7feeb9d1-4271-475a-a72c-c8332bbb9d64.custom.json,,avnWu77KPA,2018-05-25 19:16:52.484,56.0,com.sec.android.app.shealth,2018-05-25 19:16:55.651,,,7feeb9d1-4271-475a-a72c-c8332bbb9d64,10002,,
2018-07-15 02:52:09.742,UTC-0300,,82847c29-f485-4d0e-be80-f90cf1703634.custom.json,,avnWu77KPA,2018-07-15 02:52:07.319,18.0,com.sec.android.app.shealth,2018-07-15 02:52:09.742,,,82847c29-f485-4d0e-be80-f90cf1703634,10002,,
2018-06-06 17:38:23.905,UTC-0300,,840fe907-9af0-4b31-87fa-fd053e95d8d6.custom.json,,avnWu77KPA,2018-06-06 17:38:21.345,62.0,com.sec.android.app.shealth,2018-06-06 17:38:23.905,,,840fe907-9af0-4b31-87fa-fd053e95d8d6,10002,,
2018-05-19 18:39:47.259,UTC-0300,,8474a185-a013-4801-a3dd-1c36167706d3.custom.json,,avnWu77KPA,2018-05-19 18:39:38.750,43.0,com.sec.android.app.shealth,2018-05-19 18:39:47.259,,,8474a185-a013-4801-a3dd-1c36167706d3,10001,,
2018-05-23 18:13:33.484,UTC-0300,,869f1e72-db96-4e89-9ae5-426d3cceaf13.custom.json,,avnWu77KPA,2018-05-23 18:13:31.381,56.0,com.sec.android.app.shealth,2018-05-23 18:13:33.484,,,869f1e72-db96-4e89-9ae5-426d3cceaf13,10002,,
2018-07-10 04:21:21.001,UTC-0300,,87b514d1-85d8-441c-972a-873ff480eb8f.custom.json,,avnWu77KPA,2018-07-10 04:21:18.713,68.0,com.sec.android.app.shealth,2018-07-10 04:21:21.001,,,87b514d1-85d8-441c-972a-873ff480eb8f,10002,,
2018-06-15 16:33:04.150,UTC-0300,,881008b1-9d68-4f2a-8495-2d2840b1ddcf.custom.json,,avnWu77KPA,2018-06-15 16:33:02.071,50.0,com.sec.android.app.shealth,2018-06-15 16:33:04.150,,,881008b1-9d68-4f2a-8495-2d2840b1ddcf,10002,,
2018-06-05 01:08:37.931,UTC-0300,,886a31c7-8c4a-4584-8678-064e96df1fad.custom.json,,avnWu77KPA,2018-06-05 01:08:35.031,43.0,com.sec.android.app.shealth,2018-06-05 01:08:37.931,,,886a31c7-8c4a-4584-8678-064e96df1fad,10002,,
2018-08-05 17:36:15.334,UTC-0300,,88e4d7c2-4349-4ee0-afc5-25ce8dc75c2b.custom.json,,dgrrqaEJmv,2018-08-05 17:36:13.053,43.0,com.sec.android.app.shealth,2018-08-05 17:36:15.334,,,88e4d7c2-4349-4ee0-afc5-25ce8dc75c2b,10002,,
2018-08-04 04:09:56.334,UTC-0300,,89b1b0aa-5d16-4460-8c56-2481fe55bb45.custom.json,,dgrrqaEJmv,2018-08-04 04:09:54.264,81.0,com.sec.android.app.shealth,2018-08-04 04:09:56.334,,,89b1b0aa-5d16-4460-8c56-2481fe55bb45,10002,,
2018-08-05 16:35:19.834,UTC-0300,,8a16ba09-2750-42bb-b5eb-3dea9a95e683.custom.json,,dgrrqaEJmv,2018-08-05 16:35:17.120,25.0,com.sec.android.app.shealth,2018-08-05 16:35:19.834,,,8a16ba09-2750-42bb-b5eb-3dea9a95e683,10002,,
2018-06-27 22:13:47.453,UTC-0600,,8b26406c-c3d3-414d-ab0f-66731f3d969e.custom.json,,avnWu77KPA,2018-06-27 22:13:44.907,43.0,com.sec.android.app.shealth,2018-06-27 22:13:47.453,,,8b26406c-c3d3-414d-ab0f-66731f3d969e,10002,,
2018-06-05 05:02:15.253,UTC-0300,,8c01ae8a-fdb3-43aa-b6f4-1b6146ca8085.custom.json,,avnWu77KPA,2018-06-05 05:02:12.811,62.0,com.sec.android.app.shealth,2018-06-05 05:02:15.253,,,8c01ae8a-fdb3-43aa-b6f4-1b6146ca8085,10002,,
2018-06-03 16:16:20.603,UTC-0300,,8cfcee2e-2178-4cc7-b299-18b9086c8dd8.custom.json,,avnWu77KPA,2018-06-03 16:16:18.036,25.0,com.sec.android.app.shealth,2018-06-03 16:16:20.603,,,8cfcee2e-2178-4cc7-b299-18b9086c8dd8,10002,,
2018-06-27 00:16:45.774,UTC-0600,,8d3324b2-e94d-44a9-827a-6d822b564505.custom.json,,avnWu77KPA,2018-06-27 00:16:43.255,81.0,com.sec.android.app.shealth,2018-06-27 00:16:45.774,,,8d3324b2-e94d-44a9-827a-6d822b564505,10002,,
2018-05-20 03:36:00.730,UTC-0300,,8da8a610-758f-4322-b9d8-89406c5aa0fd.custom.json,,avnWu77KPA,2018-05-20 03:35:47.333,37.0,com.sec.android.app.shealth,2018-05-20 03:36:00.730,,,8da8a610-758f-4322-b9d8-89406c5aa0fd,10001,,
2018-07-24 16:51:51.210,UTC-0300,,9104c757-628b-4b4e-88ab-e552e0132cd0.custom.json,,dgrrqaEJmv,2018-07-24 16:51:48.960,43.0,com.sec.android.app.shealth,2018-07-24 16:51:51.210,,,9104c757-628b-4b4e-88ab-e552e0132cd0,10002,,
2018-06-25 22:46:35.151,UTC-0600,,9281f5c6-3834-4e34-a0d3-8b03ed0a68d8.custom.json,,avnWu77KPA,2018-06-25 22:46:03.734,62.0,com.sec.android.app.shealth,2018-06-25 22:46:35.151,,,9281f5c6-3834-4e34-a0d3-8b03ed0a68d8,10002,,
2018-06-20 19:51:28.636,UTC-0600,,928db45c-e06c-4cc8-b3d0-5e24fb5190ed.custom.json,,avnWu77KPA,2018-06-20 19:51:25.996,62.0,com.sec.android.app.shealth,2018-06-20 19:51:28.636,,,928db45c-e06c-4cc8-b3d0-5e24fb5190ed,10002,,
2018-06-22 22:24:31.401,UTC-0600,,92b7fdba-e131-4ae4-9879-d77dcf6631fb.custom.json,,avnWu77KPA,2018-06-22 22:24:28.415,43.0,com.sec.android.app.shealth,2018-06-22 22:24:31.401,,,92b7fdba-e131-4ae4-9879-d77dcf6631fb,10002,,
2018-06-19 19:43:34.019,UTC-0600,,93665ce4-8a7f-494b-a003-e56dc7cd94a0.custom.json,,avnWu77KPA,2018-06-19 19:43:31.541,50.0,com.sec.android.app.shealth,2018-06-19 19:43:34.019,,,93665ce4-8a7f-494b-a003-e56dc7cd94a0,10002,,
2018-05-18 21:05:44.845,UTC-0300,,9440bea8-9fa6-4a26-a9a0-4f8fb6944fb7.custom.json,,avnWu77KPA,2018-05-18 21:05:41.438,43.0,com.sec.android.app.shealth,2018-05-18 21:05:44.845,,,9440bea8-9fa6-4a26-a9a0-4f8fb6944fb7,10002,,
2018-06-05 22:00:27.452,UTC-0300,,9539c743-b084-436f-811b-9e36d445bf6c.custom.json,,avnWu77KPA,2018-06-05 22:00:24.095,68.0,com.sec.android.app.shealth,2018-06-05 22:03:21.710,,,9539c743-b084-436f-811b-9e36d445bf6c,10009,,
2018-06-20 18:48:47.780,UTC-0600,,9547b445-2557-4e2d-8c02-7b869a48ec27.custom.json,,avnWu77KPA,2018-06-20 18:48:45.425,68.0,com.sec.android.app.shealth,2018-06-20 18:48:47.780,,,9547b445-2557-4e2d-8c02-7b869a48ec27,10002,,
2018-07-02 19:36:17.074,UTC-0600,,96700c77-868e-4374-b85d-60ea7fe2b0a5.custom.json,,avnWu77KPA,2018-07-02 19:36:15.007,50.0,com.sec.android.app.shealth,2018-07-02 19:36:17.074,,,96700c77-868e-4374-b85d-60ea7fe2b0a5,10002,,
2018-07-25 22:07:11.554,UTC-0300,,96ebb00c-d980-4166-8d87-0ac2a4ed0246.custom.json,,dgrrqaEJmv,2018-07-25 22:07:09.470,56.0,com.sec.android.app.shealth,2018-07-25 22:07:11.554,,,96ebb00c-d980-4166-8d87-0ac2a4ed0246,10002,,
2018-05-31 04:56:17.011,UTC-0300,,9723db12-d53f-4311-a757-32a8e3eaa692.custom.json,,avnWu77KPA,2018-05-31 04:56:15.237,75.0,com.sec.android.app.shealth,2018-05-31 04:56:17.011,,,9723db12-d53f-4311-a757-32a8e3eaa692,10002,,
2018-06-28 23:10:29.139,UTC-0600,,987403a9-93de-48f7-bfe7-49d5827a3edf.custom.json,,avnWu77KPA,2018-06-28 23:10:27.252,43.0,com.sec.android.app.shealth,2018-06-28 23:10:29.139,,,987403a9-93de-48f7-bfe7-49d5827a3edf,10002,,
2017-04-10 15:13:25.298,UTC-0300,,988251cb-845c-4a71-a9ec-5b6f56d47e4f.custom.json,,avnWu77KPA,2017-04-10 15:13:12.367,31.562716,com.sec.android.app.shealth,2017-04-10 15:13:25.298,,,988251cb-845c-4a71-a9ec-5b6f56d47e4f,10009,,
2018-06-11 18:07:16.705,UTC-0300,,9991c92c-3454-4a09-91ca-8f85aea8ad71.custom.json,,avnWu77KPA,2018-06-11 18:07:14.189,31.0,com.sec.android.app.shealth,2018-06-11 18:07:16.705,,,9991c92c-3454-4a09-91ca-8f85aea8ad71,10002,,
2018-08-04 01:51:57.491,UTC-0300,,9d107e87-d40c-42be-b76a-a99bbbb47b5e.custom.json,,dgrrqaEJmv,2018-08-04 01:51:55.325,62.0,com.sec.android.app.shealth,2018-08-04 01:51:57.491,,,9d107e87-d40c-42be-b76a-a99bbbb47b5e,10002,,
2018-05-22 18:37:29.385,UTC-0300,,9d17f443-cddc-417d-a665-fb189db42c48.custom.json,,avnWu77KPA,2018-05-22 18:37:25.638,43.0,com.sec.android.app.shealth,2018-05-22 18:37:29.385,,,9d17f443-cddc-417d-a665-fb189db42c48,10002,,
2018-08-01 19:10:10.859,UTC-0300,,9e1c8d99-ec4a-41f0-871e-749b41418770.custom.json,,dgrrqaEJmv,2018-08-01 19:10:09.039,72.0,com.sec.android.app.shealth,2018-08-01 19:10:10.859,,,9e1c8d99-ec4a-41f0-871e-749b41418770,10002,,
2018-05-29 23:51:09.607,UTC-0300,,9f6d8e44-c164-403b-bb6d-396930d2c510.custom.json,,avnWu77KPA,2018-05-29 23:51:03.158,56.0,com.sec.android.app.shealth,2018-05-29 23:51:09.607,,,9f6d8e44-c164-403b-bb6d-396930d2c510,10002,,
2018-06-04 19:13:27.754,UTC-0300,,9fed454d-8368-4fb4-b798-a54b711655c2.custom.json,,avnWu77KPA,2018-06-04 19:13:26.058,56.0,com.sec.android.app.shealth,2018-06-04 19:13:27.754,,,9fed454d-8368-4fb4-b798-a54b711655c2,10002,,
2018-06-27 18:36:01.597,UTC-0600,,a026e5ea-2449-430a-a4a5-583ae5d759f7.custom.json,,avnWu77KPA,2018-06-27 18:35:59.457,81.0,com.sec.android.app.shealth,2018-06-27 18:36:01.597,,,a026e5ea-2449-430a-a4a5-583ae5d759f7,10002,,
2018-06-28 01:31:18.126,UTC-0600,,a429e4f5-8447-4a8b-813d-28ba849b3a20.custom.json,,avnWu77KPA,2018-06-28 01:31:16.121,75.0,com.sec.android.app.shealth,2018-06-28 01:31:18.126,,,a429e4f5-8447-4a8b-813d-28ba849b3a20,10002,,
2018-07-03 21:12:11.904,UTC-0600,,a48f6e94-e182-4f48-9bf5-4397a8317ead.custom.json,,avnWu77KPA,2018-07-03 21:12:10.023,56.0,com.sec.android.app.shealth,2018-07-03 21:12:11.904,,,a48f6e94-e182-4f48-9bf5-4397a8317ead,10002,,
2018-07-10 01:37:56.657,UTC-0300,,a490d18c-ced3-4453-84df-dc001a878040.custom.json,,avnWu77KPA,2018-07-10 01:37:54.329,56.0,com.sec.android.app.shealth,2018-07-10 01:37:56.657,,,a490d18c-ced3-4453-84df-dc001a878040,10002,,
2018-07-03 01:46:36.379,UTC-0600,,a5439072-4f5c-4b0d-b3e6-a80a37ed2cc5.custom.json,,avnWu77KPA,2018-07-03 01:46:33.457,68.0,com.sec.android.app.shealth,2018-07-03 01:46:36.379,,,a5439072-4f5c-4b0d-b3e6-a80a37ed2cc5,10002,,
2018-08-07 02:26:45.285,UTC-0400,,a5dd7137-2eaf-4ada-a78b-42f788c2df5d.custom.json,,dgrrqaEJmv,2018-08-07 02:26:43.139,43.0,com.sec.android.app.shealth,2018-08-07 02:26:45.285,,,a5dd7137-2eaf-4ada-a78b-42f788c2df5d,10002,,
2018-06-09 18:40:13.613,UTC-0300,,a656cdcf-1450-4d33-8560-b8af993cdd31.custom.json,,avnWu77KPA,2018-06-09 18:40:10.867,43.0,com.sec.android.app.shealth,2018-06-09 18:40:13.613,,,a656cdcf-1450-4d33-8560-b8af993cdd31,10002,,
2018-07-23 20:03:23.895,UTC-0300,,a6fa8a70-c54e-470a-9340-2d76797d434f.custom.json,,dgrrqaEJmv,2018-07-23 20:03:21.253,68.0,com.sec.android.app.shealth,2018-07-23 20:03:23.895,,,a6fa8a70-c54e-470a-9340-2d76797d434f,10002,,
2018-07-28 18:41:30.548,UTC-0300,,a7c07bf8-dde5-482f-aaba-8f71ce4b46a2.custom.json,,dgrrqaEJmv,2018-07-28 18:41:27.602,31.0,com.sec.android.app.shealth,2018-07-28 18:41:30.548,,,a7c07bf8-dde5-482f-aaba-8f71ce4b46a2,10002,,
2018-06-13 17:35:30.147,UTC-0300,,a8b6c4af-cf27-4a4d-a146-dc4783cda606.custom.json,,avnWu77KPA,2018-06-13 17:35:27.486,37.0,com.sec.android.app.shealth,2018-06-13 17:35:30.147,,,a8b6c4af-cf27-4a4d-a146-dc4783cda606,10002,,
2018-05-23 15:33:54.028,UTC-0300,,a9b5f62f-9996-415e-a5ff-0fddc48e68d9.custom.json,,avnWu77KPA,2018-05-23 15:33:50.066,50.0,com.sec.android.app.shealth,2018-05-23 15:33:54.028,,,a9b5f62f-9996-415e-a5ff-0fddc48e68d9,10002,,
2018-07-10 12:46:45.440,UTC-0300,,acde4944-782a-4cf5-98a2-1b3f547520cc.custom.json,,avnWu77KPA,2018-07-10 12:46:36.693,31.0,com.sec.android.app.shealth,2018-07-10 12:46:45.440,,,acde4944-782a-4cf5-98a2-1b3f547520cc,10002,,
2018-06-05 16:14:23.967,UTC-0300,,ad493fd5-5d6b-4673-bd06-3220c3ffc4d1.custom.json,,avnWu77KPA,2018-06-05 16:14:19.859,75.0,com.sec.android.app.shealth,2018-06-05 16:14:23.967,,,ad493fd5-5d6b-4673-bd06-3220c3ffc4d1,10004,,
2018-06-14 23:48:15.563,UTC-0300,,ae4429f4-63d2-4d1a-b39e-f2ac68beeab0.custom.json,,avnWu77KPA,2018-06-14 23:48:12.478,56.0,com.sec.android.app.shealth,2018-06-14 23:48:15.563,,,ae4429f4-63d2-4d1a-b39e-f2ac68beeab0,10002,,
2018-06-02 19:39:12.041,UTC-0300,,aece0aa8-d8af-4b1a-9cbb-7305003af5b0.custom.json,,avnWu77KPA,2018-06-02 19:39:09.246,50.0,com.sec.android.app.shealth,2018-06-02 19:39:12.041,,,aece0aa8-d8af-4b1a-9cbb-7305003af5b0,10002,,
2018-07-23 19:19:49.050,UTC-0300,,af5eafcd-8d59-46a2-bee8-5b9b4a57b215.custom.json,,dgrrqaEJmv,2018-07-23 19:19:46.673,43.0,com.sec.android.app.shealth,2018-07-23 19:19:49.050,,,af5eafcd-8d59-46a2-bee8-5b9b4a57b215,10002,,
2018-08-07 19:46:30.340,UTC-0400,,b083645c-6cf2-4fbc-963f-0d1a264ff935.custom.json,,dgrrqaEJmv,2018-08-07 19:46:28.461,31.0,com.sec.android.app.shealth,2018-08-07 19:46:30.340,,,b083645c-6cf2-4fbc-963f-0d1a264ff935,10002,,
2018-07-30 23:52:00.320,UTC-0300,,b2dc4e9d-ee19-471f-902f-bbc4c3bde2da.custom.json,,dgrrqaEJmv,2018-07-30 23:51:57.152,68.0,com.sec.android.app.shealth,2018-07-30 23:52:00.320,,,b2dc4e9d-ee19-471f-902f-bbc4c3bde2da,10002,,
2018-06-27 23:16:13.451,UTC-0600,,b30e4e0a-4726-4a6b-8dc9-0ebfde5a2e00.custom.json,,avnWu77KPA,2018-06-27 23:16:11.375,62.0,com.sec.android.app.shealth,2018-06-27 23:16:13.451,,,b30e4e0a-4726-4a6b-8dc9-0ebfde5a2e00,10002,,
2018-06-21 03:18:41.968,UTC-0600,,b48662f0-2556-4b81-a844-385c1cc680ac.custom.json,,avnWu77KPA,2018-06-21 03:18:39.635,31.0,com.sec.android.app.shealth,2018-06-21 03:18:41.968,,,b48662f0-2556-4b81-a844-385c1cc680ac,10002,,
2018-06-22 17:51:27.173,UTC-0600,,b51a6b1a-16d3-4dfd-8f2a-e8c79d2dc527.custom.json,,avnWu77KPA,2018-06-22 17:51:24.863,68.0,com.sec.android.app.shealth,2018-06-22 17:51:27.173,,,b51a6b1a-16d3-4dfd-8f2a-e8c79d2dc527,10002,,
2018-06-11 22:09:41.501,UTC-0300,,b707c5e3-4e8e-44f1-8296-d987042cd92d.custom.json,,avnWu77KPA,2018-06-11 22:09:39.191,43.0,com.sec.android.app.shealth,2018-06-11 22:09:41.501,,,b707c5e3-4e8e-44f1-8296-d987042cd92d,10002,,
2018-05-22 14:39:11.377,UTC-0300,,b72a8f6c-fa6f-4537-8923-41d1d8423a99.custom.json,,avnWu77KPA,2018-05-22 14:39:08.308,50.0,com.sec.android.app.shealth,2018-05-22 14:39:11.377,,,b72a8f6c-fa6f-4537-8923-41d1d8423a99,10002,,
2018-07-03 18:19:09.857,UTC-0600,,b86c6e54-30be-4927-925c-2efdb14c7f77.custom.json,,avnWu77KPA,2018-07-03 18:19:07.800,75.0,com.sec.android.app.shealth,2018-07-03 18:19:09.857,,,b86c6e54-30be-4927-925c-2efdb14c7f77,10002,,
2018-07-24 19:45:34.938,UTC-0300,,b92f0edc-e1c8-465b-870e-a1f1aaa1e49a.custom.json,,dgrrqaEJmv,2018-07-24 19:45:32.517,75.0,com.sec.android.app.shealth,2018-07-24 19:45:34.938,,,b92f0edc-e1c8-465b-870e-a1f1aaa1e49a,10002,,
2018-08-02 19:17:36.437,UTC-0300,,b9bee139-87a3-4597-ad24-bb639cc46a6b.custom.json,,dgrrqaEJmv,2018-08-02 19:17:25.872,50.0,com.sec.android.app.shealth,2018-08-02 19:17:36.437,,,b9bee139-87a3-4597-ad24-bb639cc46a6b,10002,,
2018-06-26 21:03:00.143,UTC-0600,,b9fa89c2-6d84-4675-9ef6-da1f40c790c3.custom.json,,avnWu77KPA,2018-06-26 21:02:50.174,36.0,com.sec.android.app.shealth,2018-06-26 21:03:00.143,,,b9fa89c2-6d84-4675-9ef6-da1f40c790c3,10002,,
2018-07-23 18:16:52.036,UTC-0300,,ba710c0c-8908-4b24-a894-382d33581811.custom.json,,dgrrqaEJmv,2018-07-23 18:16:49.690,75.0,com.sec.android.app.shealth,2018-07-23 18:16:52.036,,,ba710c0c-8908-4b24-a894-382d33581811,10002,,
2018-05-31 02:33:36.905,UTC-0300,,bbc910a7-50c7-4126-99c2-4d8fcc881ba6.custom.json,,avnWu77KPA,2018-05-31 02:33:33.547,62.0,com.sec.android.app.shealth,2018-05-31 02:33:36.905,,,bbc910a7-50c7-4126-99c2-4d8fcc881ba6,10002,,
2018-05-31 00:04:54.871,UTC-0300,,bbee13e0-741a-4a5c-8610-6ae1f6fa841b.custom.json,,avnWu77KPA,2018-05-31 00:04:51.783,56.0,com.sec.android.app.shealth,2018-05-31 00:04:54.871,,,bbee13e0-741a-4a5c-8610-6ae1f6fa841b,10002,,
2018-05-30 16:58:42.110,UTC-0300,,bd3322d9-5981-4a79-a257-c59fe570d5ca.custom.json,,avnWu77KPA,2018-05-30 16:58:40.025,43.0,com.sec.android.app.shealth,2018-05-30 16:58:42.110,,,bd3322d9-5981-4a79-a257-c59fe570d5ca,10002,,
2018-07-15 17:13:24.980,UTC-0300,,bd5bb717-181e-481b-b337-84d7cc6630c3.custom.json,,avnWu77KPA,2018-07-15 17:13:22.884,50.0,com.sec.android.app.shealth,2018-07-15 17:13:24.980,,,bd5bb717-181e-481b-b337-84d7cc6630c3,10002,,
2018-06-12 00:16:41.032,UTC-0300,,bde5c1aa-a21a-4289-8c97-0a00272cc8e9.custom.json,,avnWu77KPA,2018-06-12 00:16:37.623,40.0,com.sec.android.app.shealth,2018-06-12 00:16:41.032,,,bde5c1aa-a21a-4289-8c97-0a00272cc8e9,10002,,
2018-08-02 16:52:17.424,UTC-0300,,bfc5a525-439f-4ce2-9fcb-7261b4a95226.custom.json,,dgrrqaEJmv,2018-08-02 16:52:14.375,62.0,com.sec.android.app.shealth,2018-08-02 16:52:17.424,,,bfc5a525-439f-4ce2-9fcb-7261b4a95226,10002,,
2018-06-04 03:39:14.165,UTC-0300,,c0447e08-abde-4286-a244-6a8e4f2c7375.custom.json,,avnWu77KPA,2018-06-04 03:39:11.449,18.0,com.sec.android.app.shealth,2018-06-04 03:39:14.165,,,c0447e08-abde-4286-a244-6a8e4f2c7375,10002,,
2018-05-22 17:34:04.589,UTC-0300,,c05ca808-752b-431f-92b7-163b6ff5b009.custom.json,,avnWu77KPA,2018-05-22 17:34:01.452,37.0,com.sec.android.app.shealth,2018-05-22 17:34:04.589,,,c05ca808-752b-431f-92b7-163b6ff5b009,10002,,
2018-06-04 20:13:38.917,UTC-0300,,c0def48e-028f-40f7-be9d-812ee4f98fa7.custom.json,,avnWu77KPA,2018-06-04 20:13:36.327,37.0,com.sec.android.app.shealth,2018-06-04 20:13:38.917,,,c0def48e-028f-40f7-be9d-812ee4f98fa7,10002,,
2018-07-12 02:10:56.651,UTC-0300,,c1325829-9342-41ab-b6ad-db56d58726a5.custom.json,,avnWu77KPA,2018-07-12 02:10:54.218,81.0,com.sec.android.app.shealth,2018-07-12 02:10:56.651,,,c1325829-9342-41ab-b6ad-db56d58726a5,10002,,
2018-06-09 05:08:45.092,UTC-0300,,c14c037a-b4f2-4981-bb92-d1392cb2d159.custom.json,,avnWu77KPA,2018-06-09 05:08:42.750,25.0,com.sec.android.app.shealth,2018-06-09 05:08:45.092,,,c14c037a-b4f2-4981-bb92-d1392cb2d159,10002,,
2018-07-15 03:54:17.564,UTC-0300,,c2f3b701-d719-46e7-823a-15b4255ee727.custom.json,,avnWu77KPA,2018-07-15 03:54:15.157,25.0,com.sec.android.app.shealth,2018-07-15 03:54:17.564,,,c2f3b701-d719-46e7-823a-15b4255ee727,10002,,
2018-05-29 23:51:43.580,UTC-0300,,c4c7161c-d1b4-41f2-a138-fb30f4ea8158.custom.json,,avnWu77KPA,2018-05-29 23:51:41.402,37.0,com.sec.android.app.shealth,2018-05-29 23:51:43.580,,,c4c7161c-d1b4-41f2-a138-fb30f4ea8158,10002,,
2018-08-06 18:47:09.925,UTC-0300,,c5365987-761a-43c1-807f-1f72e389bda2.custom.json,,dgrrqaEJmv,2018-08-06 18:47:07.338,18.0,com.sec.android.app.shealth,2018-08-06 18:47:09.925,,,c5365987-761a-43c1-807f-1f72e389bda2,10002,,
2018-08-07 06:38:14.525,UTC-0400,,c5f0ef97-101b-48d8-8235-8e2bc4ec07c9.custom.json,,dgrrqaEJmv,2018-08-07 06:38:11.941,50.0,com.sec.android.app.shealth,2018-08-07 06:38:14.525,,,c5f0ef97-101b-48d8-8235-8e2bc4ec07c9,10002,,
2018-07-19 03:24:38.887,UTC-0300,,c611220b-c9fe-47d6-a354-08de9b513175.custom.json,,dgrrqaEJmv,2018-07-19 03:24:36.806,43.0,com.sec.android.app.shealth,2018-07-19 03:24:38.887,,,c611220b-c9fe-47d6-a354-08de9b513175,10002,,
2018-08-05 18:52:31.496,UTC-0300,,c651e289-5308-4dad-9a89-6ae0312083a2.custom.json,,dgrrqaEJmv,2018-08-05 18:52:29.498,25.0,com.sec.android.app.shealth,2018-08-05 18:52:31.496,,,c651e289-5308-4dad-9a89-6ae0312083a2,10002,,
2018-07-24 01:40:52.699,UTC-0300,,c76b9785-13ff-4c0b-b25b-5ba2c5e1c6d9.custom.json,,dgrrqaEJmv,2018-07-24 01:40:48.014,62.0,com.sec.android.app.shealth,2018-07-24 01:40:52.699,,,c76b9785-13ff-4c0b-b25b-5ba2c5e1c6d9,10002,,
2018-06-05 17:14:27.389,UTC-0300,,c8a0752a-31f9-4c9a-b26c-9a4bc5fff0a1.custom.json,,avnWu77KPA,2018-06-05 17:14:22.027,37.0,com.sec.android.app.shealth,2018-06-05 17:14:27.389,,,c8a0752a-31f9-4c9a-b26c-9a4bc5fff0a1,10009,,
2018-06-09 15:39:47.855,UTC-0300,,c9e57391-16e3-487a-8f3a-f4f8cd4bb542.custom.json,,avnWu77KPA,2018-06-09 15:39:42.748,50.0,com.sec.android.app.shealth,2018-06-09 15:39:47.855,,,c9e57391-16e3-487a-8f3a-f4f8cd4bb542,10009,,
2018-07-30 01:29:51.500,UTC-0300,,ca4f9126-0524-4563-8abd-ed2f3246764b.custom.json,,dgrrqaEJmv,2018-07-30 01:29:49.166,18.0,com.sec.android.app.shealth,2018-07-30 01:29:51.500,,,ca4f9126-0524-4563-8abd-ed2f3246764b,10002,,
2018-06-03 04:58:27.568,UTC-0300,,caad8aa0-13ff-4410-899b-dfe51324d866.custom.json,,avnWu77KPA,2018-06-03 04:58:24.985,43.0,com.sec.android.app.shealth,2018-06-03 04:58:27.568,,,caad8aa0-13ff-4410-899b-dfe51324d866,10002,,
2018-06-22 20:03:39.606,UTC-0600,,ccaae5c6-2c2b-4749-8c0d-854dc729a82c.custom.json,,avnWu77KPA,2018-06-22 20:03:36.912,68.0,com.sec.android.app.shealth,2018-06-22 20:03:39.606,,,ccaae5c6-2c2b-4749-8c0d-854dc729a82c,10002,,
2018-05-20 05:01:15.466,UTC-0300,,d11ef27c-be06-4431-9000-312196b76914.custom.json,,avnWu77KPA,2018-05-20 05:01:12.341,56.0,com.sec.android.app.shealth,2018-05-20 05:01:15.466,,,d11ef27c-be06-4431-9000-312196b76914,10002,,
2018-05-18 21:05:05.037,UTC-0300,,d3e27cdc-d4e4-4a3f-bcad-b3a9ee4af2a0.custom.json,,avnWu77KPA,2018-05-18 21:04:56.041,40.0,com.sec.android.app.shealth,2018-05-18 21:05:05.037,,,d3e27cdc-d4e4-4a3f-bcad-b3a9ee4af2a0,10002,,
2018-06-11 20:07:38.677,UTC-0300,,d555b906-c371-420a-88aa-1fd132e69d3e.custom.json,,avnWu77KPA,2018-06-11 20:07:36.203,62.0,com.sec.android.app.shealth,2018-06-11 20:07:38.677,,,d555b906-c371-420a-88aa-1fd132e69d3e,10002,,
2018-06-03 03:27:21.503,UTC-0300,,d6977ec8-cf34-476e-ae2f-cd04e22e4347.custom.json,,avnWu77KPA,2018-06-03 03:27:19.187,43.0,com.sec.android.app.shealth,2018-06-03 03:27:21.503,,,d6977ec8-cf34-476e-ae2f-cd04e22e4347,10002,,
2018-06-19 22:09:01.513,UTC-0600,,d6e2568d-413c-4840-b328-374a7b905fa3.custom.json,,avnWu77KPA,2018-06-19 22:08:58.720,43.0,com.sec.android.app.shealth,2018-06-19 22:09:01.513,,,d6e2568d-413c-4840-b328-374a7b905fa3,10002,,
2018-08-04 05:23:04.746,UTC-0300,,d75694c1-426b-4f0f-9333-acd1d9f1c801.custom.json,,dgrrqaEJmv,2018-08-04 05:23:02.886,62.0,com.sec.android.app.shealth,2018-08-04 05:23:04.746,,,d75694c1-426b-4f0f-9333-acd1d9f1c801,10002,,
2018-06-19 23:38:44.500,UTC-0600,,d787e971-1fc3-4a47-840b-1c8eaf275dc2.custom.json,,avnWu77KPA,2018-06-19 23:38:41.152,56.0,com.sec.android.app.shealth,2018-06-19 23:38:44.500,,,d787e971-1fc3-4a47-840b-1c8eaf275dc2,10002,,
2018-08-07 05:15:06.560,UTC-0400,,d78c91b1-48ae-4dc0-88f4-5ca254371978.custom.json,,dgrrqaEJmv,2018-08-07 05:15:04.285,62.0,com.sec.android.app.shealth,2018-08-07 05:15:06.560,,,d78c91b1-48ae-4dc0-88f4-5ca254371978,10002,,
2018-05-22 20:54:16.961,UTC-0300,,d7d521a0-a569-44f1-9712-a86a1030d341.custom.json,,avnWu77KPA,2018-05-22 20:54:14.081,37.0,com.sec.android.app.shealth,2018-05-22 20:54:16.961,,,d7d521a0-a569-44f1-9712-a86a1030d341,10002,,
2018-06-07 02:13:44.511,UTC-0300,,d7d9080c-aa33-464b-8a7c-cc65ac395dea.custom.json,,avnWu77KPA,2018-06-07 02:13:41.832,75.0,com.sec.android.app.shealth,2018-06-07 02:13:44.511,,,d7d9080c-aa33-464b-8a7c-cc65ac395dea,10002,,
2018-05-25 16:43:14.990,UTC-0300,,d8ec9265-d8be-4496-8579-df0d41da12fc.custom.json,,avnWu77KPA,2018-05-25 16:43:12.450,56.0,com.sec.android.app.shealth,2018-05-25 16:43:14.990,,,d8ec9265-d8be-4496-8579-df0d41da12fc,10002,,
2018-07-26 02:42:40.759,UTC-0300,,db083325-89ef-4ef2-8d6b-df0088bf70e8.custom.json,,dgrrqaEJmv,2018-07-26 02:42:38.369,56.0,com.sec.android.app.shealth,2018-07-26 02:42:40.759,,,db083325-89ef-4ef2-8d6b-df0088bf70e8,10002,,
2018-07-31 16:33:24.028,UTC-0300,,db51a6a8-e782-466d-a298-79044b81ca5f.custom.json,,dgrrqaEJmv,2018-07-31 16:33:14.332,62.0,com.sec.android.app.shealth,2018-07-31 16:33:24.028,,,db51a6a8-e782-466d-a298-79044b81ca5f,10002,,
2018-07-31 03:15:02.847,UTC-0300,,dbc65b5c-8320-4fcb-a0a5-7080d43e502e.custom.json,,dgrrqaEJmv,2018-07-31 03:15:00.261,50.0,com.sec.android.app.shealth,2018-07-31 03:15:02.847,,,dbc65b5c-8320-4fcb-a0a5-7080d43e502e,10002,,
2018-06-15 00:10:10.874,UTC-0300,,dc0ea402-cd84-4078-a2b4-165f0a9ebabb.custom.json,,avnWu77KPA,2018-06-15 00:10:07.136,62.0,com.sec.android.app.shealth,2018-06-15 00:10:10.874,,,dc0ea402-cd84-4078-a2b4-165f0a9ebabb,10002,,
2018-07-11 03:56:56.542,UTC-0300,,dc1514f4-756d-448b-b51b-c1d55bb52754.custom.json,,avnWu77KPA,2018-07-11 03:56:54.207,43.0,com.sec.android.app.shealth,2018-07-11 03:56:56.542,,,dc1514f4-756d-448b-b51b-c1d55bb52754,10002,,
2018-08-06 05:21:55.556,UTC-0300,,dd485a26-0c67-40b8-96b2-39710768fa81.custom.json,,dgrrqaEJmv,2018-08-06 05:21:50.685,12.0,com.sec.android.app.shealth,2018-08-06 05:21:55.556,,,dd485a26-0c67-40b8-96b2-39710768fa81,10009,,
2018-06-04 01:39:45.897,UTC-0300,,de92efd6-fc23-47a2-8bcb-5d2121c3f7e5.custom.json,,avnWu77KPA,2018-06-04 01:39:44.093,100.0,com.sec.android.app.shealth,2018-06-04 01:39:45.897,,,de92efd6-fc23-47a2-8bcb-5d2121c3f7e5,10002,,
2018-06-20 20:51:02.678,UTC-0600,,dfa00d1d-1287-4fe8-a136-42f216641bdb.custom.json,,avnWu77KPA,2018-06-20 20:51:00.294,68.0,com.sec.android.app.shealth,2018-06-20 20:51:02.678,,,dfa00d1d-1287-4fe8-a136-42f216641bdb,10002,,
2018-07-04 00:03:42.795,UTC-0600,,e0f13e44-9ac6-4f0f-9759-414e959ed51d.custom.json,,avnWu77KPA,2018-07-04 00:03:40.365,43.0,com.sec.android.app.shealth,2018-07-04 00:03:42.795,,,e0f13e44-9ac6-4f0f-9759-414e959ed51d,10002,,
2018-06-06 13:59:30.007,UTC-0300,,e12b0a00-b787-49cd-8e46-d53ab7ac58ac.custom.json,,avnWu77KPA,2018-06-06 13:59:25.713,50.0,com.sec.android.app.shealth,2018-06-06 13:59:30.007,,,e12b0a00-b787-49cd-8e46-d53ab7ac58ac,10002,,
2018-08-04 16:40:29.084,UTC-0300,,e30861ff-b2f5-42d7-8d30-0c24616c4ad0.custom.json,,dgrrqaEJmv,2018-08-04 16:40:26.432,31.0,com.sec.android.app.shealth,2018-08-04 16:40:29.084,,,e30861ff-b2f5-42d7-8d30-0c24616c4ad0,10002,,
2018-07-29 21:55:09.002,UTC-0300,,e389f4ee-4890-456e-8d61-e905d6e0cb46.custom.json,,dgrrqaEJmv,2018-07-29 21:55:07.422,31.0,com.sec.android.app.shealth,2018-07-29 21:55:09.002,,,e389f4ee-4890-456e-8d61-e905d6e0cb46,10002,,
2018-05-30 19:58:07.661,UTC-0300,,e38ec301-5890-4b8c-8cf2-2ce1c82eb9ac.custom.json,,avnWu77KPA,2018-05-30 19:58:05.695,43.0,com.sec.android.app.shealth,2018-05-30 19:58:07.661,,,e38ec301-5890-4b8c-8cf2-2ce1c82eb9ac,10002,,
2018-06-21 05:26:40.180,UTC-0600,,e3988adf-7808-4926-a45c-fa22c522b13e.custom.json,,avnWu77KPA,2018-06-21 05:26:37.959,87.0,com.sec.android.app.shealth,2018-06-21 05:26:40.180,,,e3988adf-7808-4926-a45c-fa22c522b13e,10002,,
2018-05-24 00:20:48.629,UTC-0300,,e3a00854-c860-4cb6-b83a-007eef36c94c.custom.json,,avnWu77KPA,2018-05-24 00:20:44.017,31.0,com.sec.android.app.shealth,2018-05-24 00:20:48.629,,,e3a00854-c860-4cb6-b83a-007eef36c94c,10002,,
2018-06-09 14:11:54.674,UTC-0300,,e505e885-4cd8-4993-a601-fa984640bf53.custom.json,,avnWu77KPA,2018-06-09 14:11:52.134,50.0,com.sec.android.app.shealth,2018-06-09 14:11:54.674,,,e505e885-4cd8-4993-a601-fa984640bf53,10002,,
2018-08-06 15:59:15.407,UTC-0300,,e60b8307-0297-4cec-8d65-0dcff6c569e3.custom.json,,dgrrqaEJmv,2018-08-06 15:59:12.497,50.0,com.sec.android.app.shealth,2018-08-06 15:59:15.407,,,e60b8307-0297-4cec-8d65-0dcff6c569e3,10002,,
2018-07-12 03:13:58.655,UTC-0300,,e8f0b9f9-1d5e-4279-bda4-d1003f8a7430.custom.json,,avnWu77KPA,2018-07-12 03:13:56.131,50.0,com.sec.android.app.shealth,2018-07-12 03:13:58.655,,,e8f0b9f9-1d5e-4279-bda4-d1003f8a7430,10002,,
2018-06-05 23:38:12.020,UTC-0300,,ea0aa22c-eeb6-4322-af23-75150756377b.custom.json,,avnWu77KPA,2018-06-05 23:38:09.691,50.0,com.sec.android.app.shealth,2018-06-05 23:38:12.020,,,ea0aa22c-eeb6-4322-af23-75150756377b,10002,,
2018-06-03 02:27:51.217,UTC-0300,,ec1dad10-78b0-4568-aaa7-d6b855cdb00c.custom.json,,avnWu77KPA,2018-06-03 02:27:49.513,62.0,com.sec.android.app.shealth,2018-06-03 02:27:51.217,,,ec1dad10-78b0-4568-aaa7-d6b855cdb00c,10002,,
2018-06-11 23:19:22.203,UTC-0300,,ecb6204e-49c1-4294-a386-afac27d32431.custom.json,,avnWu77KPA,2018-06-11 23:19:15.115,25.0,com.sec.android.app.shealth,2018-06-11 23:19:22.203,,,ecb6204e-49c1-4294-a386-afac27d32431,10002,,
2018-06-02 20:39:50.365,UTC-0300,,efeb3ee8-a25a-4998-b834-fe2cb8af115b.custom.json,,avnWu77KPA,2018-06-02 20:39:47.114,31.0,com.sec.android.app.shealth,2018-06-02 20:39:50.365,,,efeb3ee8-a25a-4998-b834-fe2cb8af115b,10002,,
2018-05-24 16:58:12.071,UTC-0300,,f16e2da6-2fdc-4e8a-8155-dd4b23ae1411.custom.json,,avnWu77KPA,2018-05-24 16:58:08.992,56.0,com.sec.android.app.shealth,2018-05-24 16:58:12.071,,,f16e2da6-2fdc-4e8a-8155-dd4b23ae1411,10002,,
2018-07-03 00:38:14.955,UTC-0600,,f23a5597-40bf-4cb9-a1c3-f7bc82e5a8cf.custom.json,,avnWu77KPA,2018-07-03 00:38:11.958,63.0,com.sec.android.app.shealth,2018-07-03 00:38:14.955,,,f23a5597-40bf-4cb9-a1c3-f7bc82e5a8cf,10002,,
2018-06-11 21:09:06.353,UTC-0300,,f3771938-c4d0-47ac-b4e5-3ec9f3887f31.custom.json,,avnWu77KPA,2018-06-11 21:09:03.990,56.0,com.sec.android.app.shealth,2018-06-11 21:09:06.353,,,f3771938-c4d0-47ac-b4e5-3ec9f3887f31,10002,,
2018-06-10 20:51:33.352,UTC-0300,,f48c658e-cd0e-4195-a5bc-7564b3bb8150.custom.json,,avnWu77KPA,2018-06-10 20:51:30.415,62.0,com.sec.android.app.shealth,2018-06-10 20:51:33.352,,,f48c658e-cd0e-4195-a5bc-7564b3bb8150,10002,,
2018-08-04 02:55:33.938,UTC-0300,,f4bff573-4c12-4de9-b34d-27d39e6ac5b7.custom.json,,dgrrqaEJmv,2018-08-04 02:55:31.935,68.0,com.sec.android.app.shealth,2018-08-04 02:55:33.938,,,f4bff573-4c12-4de9-b34d-27d39e6ac5b7,10002,,
2018-05-21 21:54:39.890,UTC-0300,,f584fa3f-6ee0-48c9-bc5e-ead23af22356.custom.json,,avnWu77KPA,2018-05-21 21:54:36.360,31.0,com.sec.android.app.shealth,2018-05-21 21:54:39.890,,,f584fa3f-6ee0-48c9-bc5e-ead23af22356,10002,,
2018-06-09 03:09:02.557,UTC-0300,,f9db5157-81da-4f76-9963-e08e7284235d.custom.json,,avnWu77KPA,2018-06-09 03:09:00.248,43.0,com.sec.android.app.shealth,2018-06-09 03:09:02.557,,,f9db5157-81da-4f76-9963-e08e7284235d,10002,,
2018-08-05 06:42:03.790,UTC-0300,,fb11e5b8-27a7-4af1-ae82-07569f08495d.custom.json,,dgrrqaEJmv,2018-08-05 06:42:01.374,31.0,com.sec.android.app.shealth,2018-08-05 06:42:03.790,,,fb11e5b8-27a7-4af1-ae82-07569f08495d,10002,,
2018-06-03 01:32:15.699,UTC-0300,,fdd550bf-2ee3-4fda-a632-9b8330c2779c.custom.json,,avnWu77KPA,2018-06-03 01:32:13.560,44.0,com.sec.android.app.shealth,2018-06-03 01:32:15.699,,,fdd550bf-2ee3-4fda-a632-9b8330c2779c,10002,,
