com.samsung.shealth.calories_burned,6000085,1
tef_calorie,active_time,pkg_name,update_time,create_time,datauuid,rest_calorie,active_calorie,day_time,deviceuuid
0.0,7027875,com.sec.android.app.shealth,2018-06-14 04:00:40.233,2018-06-13 04:00:01.257,0059b235-2fe4-483a-8cc8-ade6fbd2788a,1256.14,375.24097,1528848000000,avnWu77KPA
0.0,220640,com.sec.android.app.shealth,2017-11-24 06:00:02.138,2017-11-23 06:01:28.437,013b3e00-5f34-4cc0-bc64-f54a40548675,1368.1898,11.83,1511395200000,avnWu77KPA
0.0,4358824,com.sec.android.app.shealth,2018-06-04 04:01:06.684,2018-06-03 04:00:20.326,0171cf2d-d1a3-47bb-af33-34f9eb06b8a6,1298.3802,233.75616,1527984000000,avnWu77KPA
0.0,6609647,com.sec.android.app.shealth,2018-08-24 04:00:02.363,2018-08-23 04:00:01.442,02d60a1e-49bb-402c-ad12-03703deb0560,1262.7588,355.08517,1534982400000,dgrrqaEJmv
0.0,3823903,com.sec.android.app.shealth,2018-05-12 05:00:36.314,2018-05-11 04:00:12.925,02df38ca-7547-4d4c-ba01-dd287b3addcc,1306.8458,202.44006,1525996800000,avnWu77KPA
0.0,6526235,com.sec.android.app.shealth,2018-09-13 04:00:01.893,2018-09-12 04:00:02.623,02fa201a-fb69-4392-8e30-4aff7c08be69,1264.079,363.4158,1536710400000,dgrrqaEJmv
0.0,9141288,com.sec.android.app.shealth,2017-10-27 05:16:21.633,2017-10-27 05:16:21.633,041cf6b1-e1b2-46ff-a052-f7c0fd30c744,1226.565,489.2243,1508284800000,avnWu77KPA
0.0,5157977,com.sec.android.app.shealth,2018-07-11 04:00:01.913,2018-07-10 04:01:01.755,04d2d5fc-34ed-4bdb-a95c-0a57446754be,1285.7328,280.40698,1531180800000,avnWu77KPA
0.0,4673551,com.sec.android.app.shealth,2018-04-17 04:00:53.336,2018-04-16 04:00:22.528,061cb5e2-a6f3-482a-800a-a9717f1361c3,1293.3993,255.14229,1523836800000,avnWu77KPA
0.0,5108240,com.sec.android.app.shealth,2018-05-06 04:00:03.257,2018-05-05 04:00:27.172,065efa34-3812-4b71-bf23-fb3cbc812dff,1286.52,266.00983,1525478400000,avnWu77KPA
0.0,4650073,com.sec.android.app.shealth,2018-01-03 02:58:57.553,2017-12-15 05:00:02.375,072b7592-9199-4e00-848d-2928c8aa7726,1293.771,257.11768,1513296000000,avnWu77KPA
0.0,7171329,com.sec.android.app.shealth,2018-08-05 04:04:13.902,2018-08-04 04:00:00.994,0768a15e-39b6-4e20-a6e0-566038953f2b,1253.8696,373.01566,1533340800000,dgrrqaEJmv
0.0,11367725,com.sec.android.app.shealth,2018-01-03 02:58:54.821,2017-12-08 05:00:03.931,099d0e3c-d880-4ecc-a54e-1fca46b6ccd0,1187.4576,632.6808,1512691200000,avnWu77KPA
0.0,5333748,com.sec.android.app.shealth,2018-04-27 18:09:58.897,2018-04-18 04:00:01.047,09a4a582-b876-4aca-b7e6-0507d21a1ec0,1282.9512,307.9583,1524009600000,avnWu77KPA
0.0,8098244,com.sec.android.app.shealth,2018-05-29 04:00:25.310,2018-05-28 04:00:02.962,0a6fea46-0285-4335-95f5-8a031b647b99,1239.2004,420.2716,1527465600000,avnWu77KPA
0.0,907680,com.sec.android.app.shealth,2018-02-26 05:01:16.135,2018-02-25 05:24:39.453,0b77eef3-6402-47f8-b90b-808ae66be401,1352.9979,45.829998,1519516800000,avnWu77KPA
0.0,3905130,com.sec.android.app.shealth,2018-07-31 19:15:17.580,2018-07-30 04:22:11.793,0cbfc8c8-b7ef-4a9d-97c3-cc38e020b475,1305.5604,210.51797,1532908800000,dgrrqaEJmv
0.0,4467260,com.sec.android.app.shealth,2018-08-06 04:00:01.250,2018-08-05 04:00:01.176,0d319dd2-fe23-4a09-95ac-ff9472e0b656,1296.6641,245.99731,1533427200000,dgrrqaEJmv
0.0,7980827,com.sec.android.app.shealth,2018-05-30 04:00:41.578,2018-05-29 04:00:24.564,0e15748e-0038-445e-98c3-067232476f23,1241.0586,557.9661,1527552000000,avnWu77KPA
0.0,3882275,com.sec.android.app.shealth,2018-06-29 07:00:06.036,2018-06-28 07:21:19.114,100201a0-9c3f-43fd-9070-5c6bd76e1052,1305.9221,197.70596,1530144000000,avnWu77KPA
0.0,1398357,com.sec.android.app.shealth,2018-01-15 05:00:36.964,2018-01-14 05:00:44.153,10c44ca6-81c9-48a2-b8d6-1feaa6e3450d,1345.2324,75.82233,1515888000000,avnWu77KPA
0.0,1881185,com.sec.android.app.shealth,2018-07-07 07:00:07.361,2018-07-06 07:01:34.721,119336fa-b03e-4806-9140-b87f030c6678,1337.5912,95.94,1530835200000,avnWu77KPA
0.0,5768287,com.sec.android.app.shealth,2018-01-20 05:01:47.287,2018-01-19 05:00:16.050,11fd5f22-ba8c-47d9-8f60-862701e0389b,1276.0741,303.02435,1516320000000,avnWu77KPA
0.0,6440036,com.sec.android.app.shealth,2018-04-18 04:00:01.304,2018-04-17 04:00:52.711,1223a896-f2b5-4b1a-9289-f0dd94a50c3b,1265.4431,357.0797,1523923200000,avnWu77KPA
0.0,4460579,com.sec.android.app.shealth,2017-10-27 05:16:21.188,2017-10-27 05:16:21.188,128788d2-0d42-4939-85c2-8980fd6b98c0,1300.8763,241.84834,1507852800000,avnWu77KPA
0.0,8944349,com.sec.android.app.shealth,2017-10-27 05:16:20.493,2017-10-27 05:16:20.493,12e9705d-c8b3-47e5-9b15-fc5a131215a7,1229.6915,489.89215,1507248000000,avnWu77KPA
0.0,5029789,com.sec.android.app.shealth,2018-05-26 04:00:27.748,2018-05-25 04:01:23.192,13d529fd-2aac-424d-8448-7772c7226440,1287.7615,276.04465,1527206400000,avnWu77KPA
0.0,1763297,com.sec.android.app.shealth,2018-03-19 04:00:15.110,2018-03-18 04:00:04.025,14ccce63-c537-4918-bda3-e7fb1dc5f3c6,1339.4569,97.53999,1521331200000,avnWu77KPA
0.0,1579656,com.sec.android.app.shealth,2018-03-29 03:52:23.842,2018-03-28 04:00:28.722,15b6af4b-d02b-4c2b-b6a2-3d519c78c0b7,1342.3632,80.82,1522195200000,avnWu77KPA
0.0,5350007,com.sec.android.app.shealth,2018-06-18 07:14:38.395,2018-06-17 07:00:02.028,16c94656-ca07-493e-a948-2f6cbb1adae0,1282.6937,273.784,1529193600000,avnWu77KPA
0.0,24812,com.sec.android.app.shealth,2018-02-04 05:00:01.882,2018-02-03 05:00:03.364,17dde353-5063-47c8-ab83-6d3d8081e3d9,1366.9701,1.3199999,1517616000000,avnWu77KPA
0.0,4591474,com.sec.android.app.shealth,2018-07-15 04:00:01.715,2018-07-14 04:08:29.214,184a00f0-6701-453f-a62b-9484ad491665,1294.6984,235.12604,1531526400000,avnWu77KPA
0.0,7800200,com.sec.android.app.shealth,2018-09-12 06:48:15.782,2018-08-17 06:00:01.128,18cfaa55-5422-49b4-a810-d939c0ff774b,1243.9172,428.566,1534464000000,dgrrqaEJmv
0.0,2656175,com.sec.android.app.shealth,2017-10-27 05:16:20.611,2017-10-27 05:16:20.611,196ed7cc-27db-454b-89f1-51d991bc1462,1329.5231,145.19998,1507334400000,avnWu77KPA
0.0,12778194,com.sec.android.app.shealth,2018-01-03 02:58:55.936,2017-12-11 05:00:00.735,19760bbd-06ee-4c5e-8f3a-44b9cfe6df99,1165.1356,682.7495,1512950400000,avnWu77KPA
0.0,5771267,com.sec.android.app.shealth,2018-04-25 04:00:02.366,2018-04-24 04:00:01.823,1a23327e-972f-48c2-a924-6cc6eb59347b,1276.027,338.15485,1524528000000,avnWu77KPA
0.0,4368381,com.sec.android.app.shealth,2017-10-27 05:16:21.446,2017-10-27 05:16:21.446,1ab4af80-dbca-4c94-8952-7282b2f0a9f6,1302.34,246.64635,1508112000000,avnWu77KPA
0.0,21344,com.sec.android.app.shealth,2018-03-04 05:00:01.429,2018-03-03 05:02:44.634,1be56981-386d-4ba3-810f-96ac18993cf0,1367.025,1.04,1520035200000,avnWu77KPA
0.0,5581113,com.sec.android.app.shealth,2018-06-26 07:01:03.342,2018-06-25 07:00:02.773,1d0727f4-b414-41e7-bbaf-c9ca7d470d6c,1279.0364,290.5065,1529884800000,avnWu77KPA
0.0,7320229,com.sec.android.app.shealth,2017-10-29 04:00:03.845,2017-10-28 04:01:09.521,1e83855d-3105-45d4-83ed-7f98895051cd,1255.4762,395.574,1509148800000,avnWu77KPA
0.0,3369018,com.sec.android.app.shealth,2018-01-03 02:58:59.414,2017-12-22 16:03:13.270,1f3e7fac-6187-4c14-8177-c1b2b4f5c26a,1314.0449,176.14267,1513987200000,avnWu77KPA
0.0,8411139,com.sec.android.app.shealth,2018-01-03 02:58:59.014,2017-12-21 16:34:59.519,1fcc798e-ec53-4507-b9a3-98e8c7fe2069,1234.2485,433.68744,1513900800000,avnWu77KPA
0.0,4410734,com.sec.android.app.shealth,2018-07-26 04:10:15.184,2018-07-25 05:26:30.952,2032da33-1fc3-4b3e-b358-6f6ffbfe86c9,1297.5587,227.554,1532476800000,dgrrqaEJmv
0.0,5784057,com.sec.android.app.shealth,2017-11-20 05:00:35.884,2017-11-19 05:00:06.306,22f3b9ad-33bc-47e4-98de-23fce4eed51c,1279.8646,324.62967,1511049600000,avnWu77KPA
0.0,1370170,com.sec.android.app.shealth,2018-04-30 04:02:33.105,2018-04-29 04:00:48.846,23076963-9795-4b44-a288-55dae499dd23,1345.6786,70.888,1524960000000,avnWu77KPA
0.0,4070646,com.sec.android.app.shealth,2018-01-03 02:58:55.314,2017-12-09 05:00:01.571,2389d7b0-73c8-40e7-a6fd-062c629fc8f2,1302.9409,227.34,1512777600000,avnWu77KPA
0.0,7195603,com.sec.android.app.shealth,2017-11-06 05:00:01.749,2017-11-05 04:00:41.138,23dbaf24-7399-4bd2-9f22-5875e09335e2,1257.4548,390.81854,1509840000000,avnWu77KPA
0.0,5890737,com.sec.android.app.shealth,2018-04-27 04:58:03.904,2018-04-26 04:00:02.566,258d7d37-d773-4b7f-a7ef-a33d7bf71c6f,1274.1362,329.31415,1524700800000,avnWu77KPA
0.0,7056259,com.sec.android.app.shealth,2018-01-03 02:58:54.020,2017-12-07 05:00:05.059,25fad332-0b67-4692-b9ea-fcf600f8332b,1255.6908,395.62402,1512604800000,avnWu77KPA
0.0,20010,com.sec.android.app.shealth,2018-03-22 04:00:08.331,2018-03-21 04:00:09.148,27446fdc-4ecb-498b-a071-690cd857de64,1367.0461,0.98,1521590400000,avnWu77KPA
0.0,10028621,com.sec.android.app.shealth,2018-05-18 04:00:04.683,2018-05-17 04:00:24.596,276632a8-d6a8-48be-9151-a324925229be,1208.6501,548.13763,1526515200000,avnWu77KPA
0.0,2183101,com.sec.android.app.shealth,2018-06-30 07:01:01.112,2018-06-29 07:00:05.687,27927d4e-4297-4031-8b3c-c2cc09dcc6b6,1332.8131,105.57,1530230400000,avnWu77KPA
0.0,3935533,com.sec.android.app.shealth,2017-11-09 05:00:04.653,2017-11-08 05:00:01.273,27d27973-af3f-4cc0-88ce-f5916e52cbf2,1309.2119,215.20517,1510099200000,avnWu77KPA
0.0,3684558,com.sec.android.app.shealth,2018-02-14 05:00:07.484,2018-02-13 05:33:37.781,284014f8-b2a9-4108-96b4-cb3ca63df5ca,1309.051,205.3235,1518480000000,avnWu77KPA
0.0,5453707,com.sec.android.app.shealth,2017-10-30 04:00:03.691,2017-10-29 04:00:03.595,2845e256-46af-4f11-9bfe-4f05c826139d,1285.1094,299.606,1509235200000,avnWu77KPA
0.0,3314179,com.sec.android.app.shealth,2018-08-01 04:00:01.283,2018-07-31 04:00:00.838,287fc697-88f3-46dd-92db-bc877ab4fb60,1314.9128,179.16199,1532995200000,dgrrqaEJmv
0.0,8736463,com.sec.android.app.shealth,2018-03-14 04:00:02.335,2018-03-13 04:00:01.588,28d0bc76-9498-4a0d-aace-f40fbf723387,1229.0999,469.8588,1520899200000,avnWu77KPA
0.0,2239881,com.sec.android.app.shealth,2018-04-03 18:30:32.726,2018-04-02 18:30:02.629,2934a100-8692-4b30-b573-506ed3f51e6f,1331.9146,108.91998,1522713600000,avnWu77KPA
0.0,3604912,com.sec.android.app.shealth,2018-08-30 04:00:00.929,2018-08-29 04:00:01.608,2a08d6db-9e27-4349-bfc5-40452facbd23,1310.3116,198.23,1535500800000,dgrrqaEJmv
0.0,5550365,com.sec.android.app.shealth,2018-09-12 06:48:16.023,2018-08-20 04:00:00.668,2b0c9c37-74f4-4260-a74f-a3a26b476823,1279.523,329.16397,1534723200000,dgrrqaEJmv
0.0,3062348,com.sec.android.app.shealth,2018-03-09 05:13:15.357,2018-03-08 07:49:49.789,2b1485e7-fb17-4a74-824d-c40c707e7f5e,1318.8981,172.911,1520467200000,avnWu77KPA
0.0,8390423,com.sec.android.app.shealth,2018-09-12 06:48:15.884,2018-08-18 06:00:00.695,2b8571f7-182c-499c-9a57-82fe7d85e37c,1234.5764,454.73114,1534550400000,dgrrqaEJmv
0.0,4979904,com.sec.android.app.shealth,2018-06-05 04:02:31.041,2018-06-04 04:01:06.318,2b8fa104-5bc6-497d-8dd9-9a41ebf15e45,1288.551,280.526,1528070400000,avnWu77KPA
0.0,2655612,com.sec.android.app.shealth,2018-07-22 04:00:00.858,2018-07-21 04:00:00.470,2bcc9891-6e77-4ab9-b284-3a1a2393e11d,1325.3352,136.08003,1532131200000,dgrrqaEJmv
0.0,12555686,com.sec.android.app.shealth,2017-10-27 05:16:21.749,2017-10-27 05:16:21.749,2bf0bdea-6148-4fed-a643-8b2dcbff31ce,1172.3577,659.43713,1508457600000,avnWu77KPA
0.0,3278542,com.sec.android.app.shealth,2018-06-06 04:00:17.284,2018-06-05 04:00:43.294,2bf8c842-aabc-429f-b937-b685686f6af9,1315.4767,182.98767,1528156800000,avnWu77KPA
0.0,8068278,com.sec.android.app.shealth,2018-06-11 04:00:49.793,2018-06-10 04:18:55.922,2d27b996-58df-4534-88d2-d8a4ee88630f,1239.6744,443.31534,1528588800000,avnWu77KPA
0.0,7079121,com.sec.android.app.shealth,2018-04-07 20:00:00.863,2018-04-06 18:31:14.359,2d35d922-8edc-4ffd-8ede-741bbd24a141,1255.3289,355.79462,1523059200000,avnWu77KPA
0.0,3189135,com.sec.android.app.shealth,2018-03-25 04:00:02.289,2018-03-24 04:01:25.516,2f5e4576-4ad9-4491-ac9b-19a2d45fdfcd,1316.8916,168.24998,1521849600000,avnWu77KPA
0.0,4430857,com.sec.android.app.shealth,2017-10-27 05:16:20.976,2017-10-27 05:16:20.976,310613f2-7ba1-4805-8202-64aa6e66a9cb,1301.3481,238.20164,1507680000000,avnWu77KPA
0.0,6046274,com.sec.android.app.shealth,2018-03-28 15:03:42.942,2018-03-27 04:01:18.662,31092d31-60b0-44aa-9831-aca4a9dc9ede,1271.6747,345.3697,1522108800000,avnWu77KPA
0.0,4342285,com.sec.android.app.shealth,2018-01-03 02:58:55.387,2017-12-10 05:00:01.941,314662e1-578d-40a9-a0ca-611e72e97401,1298.6418,229.52356,1512864000000,avnWu77KPA
0.0,7183921,com.sec.android.app.shealth,2017-10-27 05:16:22.071,2017-10-27 05:16:22.071,31b2cffd-1da6-462c-a1cd-a6955b2238c0,1257.6403,392.18585,1508716800000,avnWu77KPA
0.0,781556,com.sec.android.app.shealth,2018-05-15 05:00:01.645,2018-05-14 05:00:01.000,3217e707-95a6-48c3-ab0b-09722eb10c35,1354.994,39.199997,1526256000000,avnWu77KPA
0.0,7183438,com.sec.android.app.shealth,2017-12-31 16:00:07.750,2017-12-30 16:01:18.943,32abf075-b118-4369-8fa2-3a1e7e15c317,1253.678,368.26614,1514678400000,avnWu77KPA
0.0,3973869,com.sec.android.app.shealth,2018-07-10 04:01:02.042,2018-07-09 04:00:00.955,336715c1-5996-4409-b010-b3f4adef1ae1,1304.4725,221.7991,1531094400000,avnWu77KPA
0.0,3915928,com.sec.android.app.shealth,2018-09-12 06:48:16.145,2018-08-21 04:00:01.862,34846175-8f1f-4a5a-b246-5cd32847a828,1305.3895,214.50266,1534809600000,dgrrqaEJmv
0.0,4592161,com.sec.android.app.shealth,2018-03-15 04:00:00.903,2018-03-14 04:00:02.046,3497497c-5ddd-4c33-afd9-30b0b518be44,1294.6875,256.0248,1520985600000,avnWu77KPA
0.0,3460710,com.sec.android.app.shealth,2018-07-18 04:03:54.877,2018-07-17 04:13:09.491,356c3b73-adec-4344-bf7c-ac44b020fe29,1312.5936,189.5733,1531785600000,avnWu77KPA
0.0,3763896,com.sec.android.app.shealth,2018-06-03 04:00:20.922,2018-06-02 04:00:24.825,35fe9a20-dc43-455a-8eac-76bb521952e0,1307.7955,215.61801,1527897600000,avnWu77KPA
0.0,527417,com.sec.android.app.shealth,2018-04-16 04:00:23.089,2018-04-15 04:12:42.517,360c6073-b10b-43b0-bbc9-35abd1741eec,1359.016,30.040005,1523750400000,avnWu77KPA
0.0,4171318,com.sec.android.app.shealth,2018-02-23 05:19:52.909,2018-02-22 05:01:34.093,36d1e77b-729e-4873-b83b-685b014cb4bc,1301.3477,226.515,1519257600000,avnWu77KPA
0.0,6728746,com.sec.android.app.shealth,2017-11-16 05:00:52.178,2017-11-15 05:00:04.018,36eb4284-70ac-4839-9a3d-4c6f00cccd5e,1264.8667,377.57797,1510704000000,avnWu77KPA
0.0,5872452,com.sec.android.app.shealth,2018-08-02 04:00:01.358,2018-08-01 04:00:00.737,393ec3cb-48e3-41cc-bbec-eb872b92b70e,1274.4257,314.84952,1533081600000,dgrrqaEJmv
0.0,8748538,com.sec.android.app.shealth,2018-09-12 06:48:15.682,2018-08-16 06:00:01.705,3a583d2b-f752-4059-8f1b-672f1ef7de66,1228.9089,477.55502,1534377600000,dgrrqaEJmv
0.0,7810104,com.sec.android.app.shealth,2017-10-27 05:16:20.285,2017-10-27 05:16:20.285,3bf23fe8-5204-447f-b7d4-7b1cc07b10aa,1247.699,415.62463,1507075200000,avnWu77KPA
0.0,6138088,com.sec.android.app.shealth,2017-11-03 15:18:05.972,2017-10-31 04:00:03.323,3c382792-4c59-479f-98cb-339ac4735bfe,1274.244,326.28415,1509408000000,avnWu77KPA
0.0,25346,com.sec.android.app.shealth,2018-09-12 06:48:16.430,2018-08-27 04:00:01.306,3c76318a-5fbe-434e-abdb-938bcc4f6cb0,1366.9618,1.09,1535328000000,dgrrqaEJmv
0.0,1631679,com.sec.android.app.shealth,2018-01-12 05:00:32.997,2018-01-11 05:37:57.623,3ca06eab-643b-4c9a-bcd2-f61cb94bfb88,1341.5399,91.200005,1515628800000,avnWu77KPA
0.0,2814888,com.sec.android.app.shealth,2018-05-07 04:00:02.005,2018-05-06 04:00:02.897,3ccb72fc-ab22-4e2f-97b2-7b5988dda93c,1322.8145,159.68832,1525564800000,avnWu77KPA
0.0,4302493,com.sec.android.app.shealth,2018-01-13 05:52:40.877,2018-01-12 05:00:32.636,3d77e021-542a-4817-89b3-b5462c46521e,1299.2716,240.82433,1515715200000,avnWu77KPA
0.0,2973399,com.sec.android.app.shealth,2018-02-12 05:00:02.305,2018-02-11 05:05:50.205,3daf6355-abb7-4c18-b44e-ededcbd99639,1320.3059,155.92001,1518307200000,avnWu77KPA
0.0,2662415,com.sec.android.app.shealth,2017-10-27 05:16:21.370,2017-10-27 05:16:21.370,3f0896af-f20d-4e03-93e5-f53fc9962b43,1329.4241,144.932,1508025600000,avnWu77KPA
0.0,7231425,com.sec.android.app.shealth,2018-01-03 02:59:00.074,2017-12-26 17:00:28.251,3f46b137-d0d8-4813-b7a8-9fe33fc82095,1252.9186,371.57385,1514332800000,avnWu77KPA
0.0,6437696,com.sec.android.app.shealth,2018-09-11 04:00:03.333,2018-09-10 04:00:00.405,3fd124c3-abbc-44ea-8110-35acd6b9af0a,1265.4801,359.51666,1536537600000,dgrrqaEJmv
0.0,5965862,com.sec.android.app.shealth,2017-11-18 05:00:05.402,2017-11-17 05:00:44.878,42014d3e-7ed0-4d13-b3c5-eb27e28283ff,1276.9783,340.48965,1510876800000,avnWu77KPA
0.0,8397190,com.sec.android.app.shealth,2018-09-14 03:30:05.338,2018-09-13 04:00:01.077,421c6157-64cc-42dd-8b02-0af32fb9c54e,1206.067,467.01428,1536796800000,dgrrqaEJmv
0.0,7756023,com.sec.android.app.shealth,2018-09-02 04:00:01.286,2018-09-01 04:00:00.604,42609576-70b3-467c-8f14-7cb9feb2f673,1244.6163,399.9381,1535760000000,dgrrqaEJmv
0.0,5706954,com.sec.android.app.shealth,2017-12-01 05:35:48.596,2017-11-30 05:00:02.240,433b6ba8-f47c-48c0-8b54-e4877787f365,1281.0887,315.08444,1512000000000,avnWu77KPA
0.0,2490437,com.sec.android.app.shealth,2018-09-04 04:00:01.045,2018-09-03 04:00:01.640,4369a5e7-4f25-4f5f-8b53-79e4567bccde,1327.9492,139.47214,1535932800000,dgrrqaEJmv
0.0,1426597,com.sec.android.app.shealth,2018-06-20 07:00:04.097,2018-06-19 07:00:01.897,43d6e622-9916-4fe1-8c9e-d9041f704b07,1344.7855,72.61998,1529366400000,avnWu77KPA
0.0,4753521,com.sec.android.app.shealth,2018-02-06 05:00:01.124,2018-02-05 05:00:01.920,44b27a97-c2e5-461b-88a3-fda91231a10a,1292.1338,261.85367,1517788800000,avnWu77KPA
0.0,11320531,com.sec.android.app.shealth,2017-12-04 05:00:02.347,2017-12-03 05:00:01.984,451d272f-02cd-4185-b589-bc353610f279,1191.9672,626.00446,1512259200000,avnWu77KPA
0.0,7788503,com.sec.android.app.shealth,2018-08-20 04:00:01.272,2018-08-19 04:00:01.114,45dd731a-58d4-4fe6-8372-0edad2705429,1244.1023,415.8835,1534636800000,dgrrqaEJmv
0.0,1802360,com.sec.android.app.shealth,2018-02-05 05:00:02.225,2018-02-04 05:00:01.562,47df2bc9-50df-4490-8fc9-ad7d38fe2347,1338.8387,95.65,1517702400000,avnWu77KPA
0.0,8336218,com.sec.android.app.shealth,2018-01-03 02:59:00.164,2017-12-27 17:00:02.100,48594a95-b1c5-44dd-93cc-10960cf76fdd,1235.4342,455.17496,1514419200000,avnWu77KPA
0.0,6627969,com.sec.android.app.shealth,2017-11-11 06:39:33.626,2017-11-10 05:00:02.631,48b6c9ab-9d04-47b2-ada0-da36e8b3175e,1266.4667,369.05652,1510272000000,avnWu77KPA
0.0,2514525,com.sec.android.app.shealth,2017-11-28 07:19:55.460,2017-11-27 06:00:00.580,49fd0e40-a524-4183-ba99-986361b23e07,1331.7719,140.81999,1511740800000,avnWu77KPA
0.0,4088772,com.sec.android.app.shealth,2018-05-23 04:01:37.256,2018-05-22 04:01:38.660,4af1ec91-2b1d-4342-bcba-eb1e36503e9a,1302.6542,218.78104,1526947200000,avnWu77KPA
0.0,4554438,com.sec.android.app.shealth,2018-01-03 02:58:56.233,2017-12-12 05:00:01.089,4bb62cad-b6e1-4315-b414-b9aee8d8036a,1295.2844,246.78133,1513036800000,avnWu77KPA
0.0,8504896,com.sec.android.app.shealth,2018-06-02 04:00:25.171,2018-06-01 04:00:03.401,4d745716-a753-40c7-a4b8-fed70a0c8d62,1232.7646,442.02844,1527811200000,avnWu77KPA
0.0,4385391,com.sec.android.app.shealth,2018-07-08 07:00:02.515,2018-07-07 07:00:07.159,4dd5b3af-0f67-41e5-b9d3-aad2d57732d1,1297.9597,221.17499,1530921600000,avnWu77KPA
0.0,4615705,com.sec.android.app.shealth,2017-10-27 05:16:21.814,2017-10-27 05:16:21.814,4e18363c-3e78-4f21-a18f-cec976dfd28e,1298.4135,253.45618,1508544000000,avnWu77KPA
0.0,2979614,com.sec.android.app.shealth,2018-07-10 22:19:06.568,2018-07-04 07:00:02.524,4e38bbbb-25ec-4652-93e3-017d74598a15,1320.2075,156.06004,1530662400000,avnWu77KPA
0.0,358578,com.sec.android.app.shealth,2018-09-12 06:48:16.313,2018-08-25 04:03:40.577,4e9aecaf-154c-475e-83dd-fbc1d9447671,1361.6881,16.969997,1535155200000,dgrrqaEJmv
0.0,8450068,com.sec.android.app.shealth,2017-12-06 05:00:01.741,2017-12-05 05:00:02.577,503a3fc5-826b-4482-964e-447dfe71130a,1237.539,474.8151,1512432000000,avnWu77KPA
0.0,4378694,com.sec.android.app.shealth,2017-10-27 05:16:20.700,2017-10-27 05:16:20.700,50fb8e60-4392-4b15-8a01-907d709a9b95,1302.1763,232.81714,1507420800000,avnWu77KPA
0.0,8563492,com.sec.android.app.shealth,2018-02-16 05:00:06.096,2018-02-15 05:00:03.314,51b91842-8aab-4400-8d93-d63982aa0201,1231.8374,468.62524,1518652800000,avnWu77KPA
0.0,3969912,com.sec.android.app.shealth,2018-04-02 18:30:02.878,2018-04-01 18:30:07.135,52f93ba5-732e-4e87-8700-8d3a898d43d5,1304.5352,192.82999,1522627200000,avnWu77KPA
0.0,7164624,com.sec.android.app.shealth,2017-10-27 05:16:22.216,2017-10-27 05:16:22.216,5370c33f-654c-42ae-b56e-53ca2aa71267,1257.9467,387.54498,1508889600000,avnWu77KPA
0.0,10695559,com.sec.android.app.shealth,2017-10-27 05:16:20.410,2017-10-27 05:16:20.410,5404e6d6-14f1-46d7-9c7b-d5b4c0f2468d,1201.8893,573.4055,1507161600000,avnWu77KPA
0.0,9129682,com.sec.android.app.shealth,2018-02-22 05:02:36.962,2018-02-21 05:00:46.715,54cc0ad2-38d7-46ef-a7e6-3061ad0f2ce1,1222.8768,484.11517,1519171200000,avnWu77KPA
0.0,5730700,com.sec.android.app.shealth,2017-11-14 05:01:18.713,2017-11-13 05:00:04.006,553b3f2d-608d-45eb-ac63-e143bd7428ca,1280.7117,320.568,1510531200000,avnWu77KPA
0.0,6542569,com.sec.android.app.shealth,2018-03-20 04:00:08.630,2018-03-19 04:00:14.147,55ac3f2b-d776-4d44-a953-c5320dfc2b6f,1263.8203,383.224,1521417600000,avnWu77KPA
0.0,2816521,com.sec.android.app.shealth,2018-01-03 02:59:00.001,2017-12-25 17:43:59.373,5737280c-ac8b-4466-8019-75db65f4dd6c,1322.7887,139.4195,1514246400000,avnWu77KPA
0.0,2159339,com.sec.android.app.shealth,2018-01-03 16:00:01.715,2018-01-02 16:01:34.267,583a0c9a-67d3-4a29-9767-4dd49c5b602d,1333.1892,111.38998,1514937600000,avnWu77KPA
0.0,8012534,com.sec.android.app.shealth,2018-04-28 04:00:09.733,2018-04-27 04:00:02.475,58fe088b-2369-4d4f-9bab-d762a05b88b6,1240.5568,437.8648,1524787200000,avnWu77KPA
0.0,5532488,com.sec.android.app.shealth,2018-03-28 15:03:42.788,2018-03-23 04:02:27.424,59f21c28-46f3-44d7-8c55-0ed6c743f6a9,1279.8058,303.008,1521763200000,avnWu77KPA
0.0,3999057,com.sec.android.app.shealth,2018-03-30 18:30:13.136,2018-03-29 18:31:05.430,5aae7bba-b110-4f4e-85d6-108bac4e37f3,1304.0739,206.38005,1522368000000,avnWu77KPA
0.0,594147,com.sec.android.app.shealth,2018-07-30 04:22:12.471,2018-07-29 04:00:00.677,5affeed7-f9fa-49dd-9498-7701c3b7dbf1,1357.96,30.41,1532822400000,dgrrqaEJmv
0.0,3074598,com.sec.android.app.shealth,2018-05-01 04:00:20.519,2018-04-30 04:02:32.539,5b77d84a-faf3-44e9-a5ee-3bc495091c44,1318.7043,177.96747,1525046400000,avnWu77KPA
0.0,6165069,com.sec.android.app.shealth,2018-09-08 04:00:02.254,2018-09-07 04:00:01.391,5cbf780b-403e-48de-b8f2-98cb93e89116,1269.7947,328.45346,1536278400000,dgrrqaEJmv
0.0,5746006,com.sec.android.app.shealth,2018-02-15 05:00:04.555,2018-02-14 05:00:02.334,5d1353a6-6332-41ba-8c1b-97dfc25cbcd7,1276.4268,291.5767,1518566400000,avnWu77KPA
0.0,7914796,com.sec.android.app.shealth,2017-11-07 05:00:33.800,2017-11-06 05:00:00.968,5d20cf5c-5b0f-4d99-8c21-96f1f1fdb340,1246.0367,420.65292,1509926400000,avnWu77KPA
0.0,653599,com.sec.android.app.shealth,2018-08-12 05:00:02.185,2018-08-11 05:02:41.468,5d21a4c2-dcc9-4679-a6c3-3bb9d80fdb20,1357.0189,30.710001,1533945600000,dgrrqaEJmv
0.0,8178772,com.sec.android.app.shealth,2017-11-05 04:00:59.442,2017-11-04 04:00:01.916,5ed5d42b-4daf-4282-b2a1-7b20603568e2,1241.8461,427.724,1509753600000,avnWu77KPA
0.0,6438322,com.sec.android.app.shealth,2017-10-27 05:16:22.135,2017-10-27 05:16:22.135,607ddfb3-0258-4c52-bc7d-a652d37fc99f,1269.4775,347.54947,1508803200000,avnWu77KPA
0.0,3426543,com.sec.android.app.shealth,2018-01-03 02:58:58.466,2017-12-19 05:00:00.836,6179cbaf-9db3-44ab-bd3f-2013db2eaf6a,1313.1344,183.44467,1513641600000,avnWu77KPA
0.0,3044421,com.sec.android.app.shealth,2018-08-13 17:45:33.384,2018-08-09 05:00:00.724,62777f45-b373-4e03-94ab-e88e3c29f14d,1319.1819,153.37,1533772800000,dgrrqaEJmv
0.0,4522221,com.sec.android.app.shealth,2017-10-27 05:16:22.260,2017-10-27 05:16:22.260,63008999-2d33-4f96-91b6-70286954bf6a,1299.8976,259.34213,1508976000000,avnWu77KPA
0.0,2649580,com.sec.android.app.shealth,2018-07-28 04:00:01.171,2018-07-27 05:40:44.779,631a4f51-c5db-4921-b6da-6386a1568e43,1325.4305,140.88,1532649600000,dgrrqaEJmv
0.0,2635127,com.sec.android.app.shealth,2018-06-12 04:00:03.030,2018-06-11 04:00:49.491,6367ce1b-1862-4c90-8d2b-e4686b9c6309,1325.6594,148.81401,1528675200000,avnWu77KPA
0.0,520200,com.sec.android.app.shealth,2018-06-22 07:00:02.777,2018-06-21 07:00:01.531,64b25aff-0ffc-4009-ba36-4e6720056a4e,1359.1301,25.5,1529539200000,avnWu77KPA
0.0,2975387,com.sec.android.app.shealth,2018-07-04 07:00:03.293,2018-07-03 07:00:48.556,656ac429-a38d-402e-abc0-b7d1e6508504,1320.2745,152.98997,1530576000000,avnWu77KPA
0.0,4800261,com.sec.android.app.shealth,2018-07-06 07:01:35.095,2018-07-05 07:00:54.939,6625877f-e8fa-4ba2-b98c-bd18d09dc2c7,1291.394,241.57465,1530748800000,avnWu77KPA
0.0,4301554,com.sec.android.app.shealth,2018-01-05 22:00:02.084,2018-01-04 16:00:02.190,669af896-e293-492b-967a-9593f87f80f8,1299.2866,229.84995,1515110400000,avnWu77KPA
0.0,7338147,com.sec.android.app.shealth,2017-10-27 05:16:20.122,2017-10-27 05:16:20.122,677ed409-bb92-43e9-927a-52b807020a31,1255.1919,386.84296,1506902400000,avnWu77KPA
0.0,4880414,com.sec.android.app.shealth,2018-04-13 04:01:01.927,2018-04-12 04:01:18.732,679585ca-fd63-4cef-b1fe-243ab26878a6,1290.1255,270.13214,1523491200000,avnWu77KPA
0.0,3870115,com.sec.android.app.shealth,2018-02-02 05:00:00.967,2018-02-01 05:11:01.841,67f43ce7-9523-4a8a-bb97-7f7df73fd51d,1306.1146,206.07866,1517443200000,avnWu77KPA
0.0,3005559,com.sec.android.app.shealth,2018-01-28 05:01:13.178,2018-01-27 05:31:26.872,6868c98b-1bd3-484c-b351-487d370595f0,1319.7969,156.63649,1517011200000,avnWu77KPA
0.0,3024369,com.sec.android.app.shealth,2018-07-23 04:00:01.762,2018-07-22 04:00:00.637,68e6b1f3-b310-46ef-b014-07baca66721e,1319.4993,157.39334,1532217600000,dgrrqaEJmv
0.0,1034098,com.sec.android.app.shealth,2018-01-11 05:37:58.043,2018-01-10 05:21:24.155,691c8d02-2e7d-438c-bd39-4962a5d72046,1350.9972,50.38,1515542400000,avnWu77KPA
0.0,8100748,com.sec.android.app.shealth,2018-01-03 02:58:59.744,2017-12-24 17:12:13.258,694995c3-5463-4369-9a30-23bb62a9c1d5,1239.1606,429.98996,1514160000000,avnWu77KPA
0.0,7991685,com.sec.android.app.shealth,2018-01-03 02:59:00.477,2017-12-29 16:00:01.302,6a3f73bd-3f33-4303-aba8-c99778172e4b,1240.8867,411.7599,1514592000000,avnWu77KPA
0.0,2794982,com.sec.android.app.shealth,2018-03-08 07:49:51.311,2018-03-07 05:00:42.838,6a52258a-ebf9-48ec-8a35-30bee9102939,1323.1295,155.27066,1520380800000,avnWu77KPA
0.0,5694212,com.sec.android.app.shealth,2018-06-10 04:18:59.601,2018-06-09 04:01:22.996,6b5bb710-e7f9-461c-be27-cbc726ff72cb,1277.2465,302.0005,1528502400000,avnWu77KPA
0.0,5669703,com.sec.android.app.shealth,2018-01-01 16:01:56.244,2017-12-31 16:00:07.583,6cc8bb6a-4b60-4e8a-82ba-08462c2c32dd,1277.6343,305.36368,1514764800000,avnWu77KPA
0.0,5452262,com.sec.android.app.shealth,2018-03-16 04:00:49.121,2018-03-15 04:00:00.567,6d0a2a3a-1caf-4d26-800b-5dfd291cc32b,1281.0754,300.7538,1521072000000,avnWu77KPA
0.0,4165339,com.sec.android.app.shealth,2018-02-08 05:43:52.404,2018-02-07 05:00:00.710,6dddc851-cc98-4efd-937e-7c0f6ba19188,1301.4424,226.621,1517961600000,avnWu77KPA
0.0,4455785,com.sec.android.app.shealth,2018-09-09 04:00:01.270,2018-09-08 04:00:01.671,6e9c8fb2-4fe6-4b4b-a1c1-593104e7fea4,1296.8458,252.66263,1536364800000,dgrrqaEJmv
0.0,8285222,com.sec.android.app.shealth,2017-10-31 04:00:04.101,2017-10-30 04:00:03.391,6eee3a20-5d75-470b-8edd-74e56c1606af,1240.1559,464.95587,1509321600000,avnWu77KPA
0.0,3687035,com.sec.android.app.shealth,2017-10-27 05:16:20.768,2017-10-27 05:16:20.768,6f976b13-a1f9-4e4c-bf1b-42aa47d5096f,1313.1571,206.62617,1507507200000,avnWu77KPA
0.0,8712583,com.sec.android.app.shealth,2018-01-03 02:58:58.682,2017-12-20 05:13:47.106,708ce4c2-208b-471f-9f28-790c02cee247,1229.4778,459.88525,1513728000000,avnWu77KPA
0.0,4127514,com.sec.android.app.shealth,2018-08-11 05:02:43.295,2018-08-10 05:00:00.722,72175c30-e633-49ae-9c4f-5589019b0697,1302.041,215.45767,1533859200000,dgrrqaEJmv
0.0,8293854,com.sec.android.app.shealth,2017-10-27 05:16:20.857,2017-10-27 05:16:20.857,7350899d-033b-4a61-b5ed-c47c559872e3,1240.0189,461.12842,1507593600000,avnWu77KPA
0.0,3590636,com.sec.android.app.shealth,2018-04-23 04:19:50.469,2018-04-22 05:03:24.177,75f72c13-b1d6-463d-aeac-9ceea21f28a8,1310.5375,193.74916,1524355200000,avnWu77KPA
0.0,5827131,com.sec.android.app.shealth,2018-08-14 06:00:01.722,2018-08-13 05:00:01.861,77356b72-bf71-4b74-9a6e-ab2bade5a9eb,1275.143,298.312,1534118400000,dgrrqaEJmv
0.0,1662471,com.sec.android.app.shealth,2017-11-13 05:00:04.282,2017-11-12 05:01:11.591,79c73da8-bd07-4964-a83d-04b02826fd34,1345.2992,94.674995,1510444800000,avnWu77KPA
0.0,1836955,com.sec.android.app.shealth,2018-02-11 05:05:51.705,2018-02-10 05:04:50.303,7a72f7d6-b8b2-416f-87de-9ad530ce69de,1338.2913,95.59,1518220800000,avnWu77KPA
0.0,6514668,com.sec.android.app.shealth,2018-01-03 02:58:58.957,2017-12-20 22:00:03.494,7b0a79f5-db9b-4bf9-ac2a-9ac3957930c8,1264.2618,342.11215,1513814400000,avnWu77KPA
0.0,5641926,com.sec.android.app.shealth,2018-02-01 05:11:03.492,2018-01-31 05:00:00.817,7b9caa98-43b6-4dbd-be06-e0ec94dcb772,1278.0739,297.84967,1517356800000,avnWu77KPA
0.0,4123533,com.sec.android.app.shealth,2018-04-11 04:12:39.440,2018-04-10 04:00:17.598,7ba93802-96d1-49e8-b0a2-adc202339052,1302.1039,233.26733,1523318400000,avnWu77KPA
0.0,5947482,com.sec.android.app.shealth,2017-11-15 05:00:04.278,2017-11-14 05:00:03.552,7bcd627b-bec6-4310-9f85-9e368354b42d,1277.2701,345.2363,1510617600000,avnWu77KPA
0.0,3772711,com.sec.android.app.shealth,2018-05-31 23:08:51.049,2018-05-30 04:00:41.055,7bec70e5-274c-4df5-b941-89d12e101877,1307.656,213.11432,1527638400000,avnWu77KPA
0.0,4034724,com.sec.android.app.shealth,2017-11-17 05:29:40.763,2017-11-16 05:00:51.860,7bf61489-bbfc-4a78-b59c-49c9e974a0fb,1307.6372,225.625,1510790400000,avnWu77KPA
0.0,3885320,com.sec.android.app.shealth,2017-11-19 05:00:06.606,2017-11-18 05:00:05.051,7c11d3e2-e5f3-469a-ba20-184f9ca11d47,1310.0092,208.73416,1510963200000,avnWu77KPA
0.0,3739146,com.sec.android.app.shealth,2018-01-02 16:01:34.721,2018-01-01 16:01:55.316,7cca33be-9f87-4151-a1af-c1c1f29a5e2e,1308.1873,205.76003,1514851200000,avnWu77KPA
0.0,3787065,com.sec.android.app.shealth,2018-07-09 04:00:01.255,2018-07-08 07:00:02.129,7d9c45da-15ea-40b8-b4e4-5534febc6bdb,1307.4288,191.84,1531008000000,avnWu77KPA
0.0,7223664,com.sec.android.app.shealth,2018-04-22 05:04:38.165,2018-04-21 04:00:00.615,7e0d1295-1f75-49d5-ad7c-d99ea9d07c16,1253.0414,404.44067,1524268800000,avnWu77KPA
0.0,6725807,com.sec.android.app.shealth,2018-02-24 05:02:46.239,2018-02-23 05:19:52.924,7ec0bc13-26cf-40cb-a677-a8d3a1c9b4bc,1260.9204,374.7837,1519344000000,avnWu77KPA
0.0,0,com.sec.android.app.shealth,2018-07-27 05:40:46.526,2018-07-26 04:10:12.730,7eec5b99-5c37-44c4-94e6-ff68dc45e525,1367.3628,0.0,1532563200000,dgrrqaEJmv
0.0,10595949,com.sec.android.app.shealth,2018-06-08 04:01:03.962,2018-06-07 04:00:15.252,7fcd3b6f-0edc-40c8-ae20-79306ff2f9aa,1199.6716,571.2364,1528329600000,avnWu77KPA
0.0,6067231,com.sec.android.app.shealth,2018-07-17 04:13:09.947,2018-07-16 04:00:31.602,8062ce8c-825a-4546-a375-74f4cd3f65be,1271.343,338.00446,1531699200000,avnWu77KPA
0.0,6070902,com.sec.android.app.shealth,2018-05-28 04:00:03.431,2018-05-27 04:00:05.088,8074ca46-abaa-4061-af56-5873b34038e5,1271.2849,323.0915,1527379200000,avnWu77KPA
0.0,2360890,com.sec.android.app.shealth,2018-03-12 04:15:43.781,2018-03-11 05:01:56.951,8158436a-02f5-4ee4-abea-a32ab6bb8950,1329.9995,126.881996,1520726400000,avnWu77KPA
0.0,3575650,com.sec.android.app.shealth,2018-03-27 04:01:19.467,2018-03-26 04:00:09.466,860f7c58-29c4-4012-9c3a-0df9dc581eed,1310.7748,201.97,1522022400000,avnWu77KPA
0.0,2246989,com.sec.android.app.shealth,2018-05-17 04:00:24.928,2018-05-16 05:00:00.692,86868057-7df7-416b-b8c9-72731d2dd341,1331.802,115.26999,1526428800000,avnWu77KPA
0.0,2971484,com.sec.android.app.shealth,2017-11-27 06:00:00.964,2017-11-26 06:00:01.828,8714c7e1-938c-4db7-abe4-9e7810340849,1324.5172,158.2385,1511654400000,avnWu77KPA
0.0,3855491,com.sec.android.app.shealth,2018-02-03 05:00:03.760,2018-02-02 05:00:00.656,872b3083-adb5-4e9f-8847-d3bbbd613e74,1306.346,217.20163,1517529600000,avnWu77KPA
0.0,3610593,com.sec.android.app.shealth,2018-01-30 05:00:02.625,2018-01-29 05:00:45.023,88ed733e-f7ce-4e93-8312-015aae6ce075,1310.2218,195.84799,1517184000000,avnWu77KPA
0.0,5446989,com.sec.android.app.shealth,2018-05-02 04:00:52.698,2018-05-01 04:00:20.109,8a4925c7-6e56-4012-900f-21351a1d1b7b,1281.1589,308.38034,1525132800000,avnWu77KPA
0.0,2677556,com.sec.android.app.shealth,2018-04-16 17:45:37.211,2018-04-09 04:01:05.120,8af802a0-0fdd-41f3-8c8e-4a499b0dbdf3,1324.9879,156.948,1523232000000,avnWu77KPA
0.0,3312353,com.sec.android.app.shealth,2018-09-12 06:48:16.632,2018-09-02 04:00:00.835,8c0fc665-3ca6-485d-9130-7f703c53a251,1314.9418,196.13033,1535846400000,dgrrqaEJmv
0.0,3911125,com.sec.android.app.shealth,2018-05-13 05:00:01.726,2018-05-12 05:00:36.007,8c520bda-0510-4b00-b71e-76824d00576c,1305.4655,193.52,1526083200000,avnWu77KPA
0.0,2258368,com.sec.android.app.shealth,2018-09-12 06:48:16.371,2018-08-26 04:00:00.733,8c72bbdd-78fb-4534-a2d3-1db41d220e0c,1331.6221,117.024,1535241600000,dgrrqaEJmv
0.0,5246057,com.sec.android.app.shealth,2017-10-27 05:16:21.252,2017-10-27 05:16:21.252,8d12ac4a-c455-483e-8261-12fa219ca1b9,1288.406,279.13922,1507939200000,avnWu77KPA
0.0,2673595,com.sec.android.app.shealth,2017-11-26 06:00:02.836,2017-11-25 06:00:02.036,8d7e5904-cf70-473e-83c0-b2192643efc1,1329.2466,131.962,1511568000000,avnWu77KPA
0.0,1696464,com.sec.android.app.shealth,2018-01-04 16:00:02.696,2018-01-03 16:00:01.484,8db91bc8-ea1b-4fb2-ad8d-e55351a651ab,1340.5146,86.31,1515024000000,avnWu77KPA
0.0,5649897,com.sec.android.app.shealth,2018-01-24 05:01:58.971,2018-01-23 05:01:04.154,8decbbf4-eeb7-480e-b6d4-1eee0387bb99,1277.9478,297.0653,1516665600000,avnWu77KPA
0.0,2753093,com.sec.android.app.shealth,2018-04-15 04:12:46.134,2018-04-14 05:14:10.602,8df3f65c-ec61-46cd-9a8a-4bd6e731e798,1323.7925,149.94933,1523664000000,avnWu77KPA
0.0,4614214,com.sec.android.app.shealth,2018-05-11 04:00:14.223,2018-05-10 04:00:02.709,8e189430-afc1-4ca5-9544-e8ff346ce7ee,1294.3384,245.45662,1525910400000,avnWu77KPA
0.0,3724858,com.sec.android.app.shealth,2018-05-16 05:00:01.153,2018-05-15 05:00:01.264,900b4e3a-f695-4a79-a206-7dc0039025ad,1308.4135,191.98917,1526342400000,avnWu77KPA
0.0,4166543,com.sec.android.app.shealth,2017-11-25 06:00:02.894,2017-11-24 06:00:01.775,90dfb6b8-53b9-40fb-a270-2899e8b1f69e,1305.5443,213.018,1511481600000,avnWu77KPA
0.0,5075562,com.sec.android.app.shealth,2018-08-29 04:00:02.089,2018-08-28 04:00:01.982,915255f8-3db2-4695-af7a-21ba70eaa0de,1287.0372,279.15002,1535414400000,dgrrqaEJmv
0.0,5388800,com.sec.android.app.shealth,2018-07-17 01:44:26.852,2018-07-15 04:00:01.605,917483cd-d208-49d3-a0a4-26a9e0651993,1282.0798,277.74615,1531612800000,avnWu77KPA
0.0,3705159,com.sec.android.app.shealth,2018-03-28 15:03:42.872,2018-03-25 04:00:02.090,921b6be1-1b82-4d97-917f-b4bd763b7761,1308.7251,221.07118,1521936000000,avnWu77KPA
0.0,3740284,com.sec.android.app.shealth,2018-03-30 03:34:48.325,2018-03-29 03:52:22.210,9283d5da-8151-4361-aa73-13754c7b4f12,1308.1692,190.16,1522281600000,avnWu77KPA
0.0,6072231,com.sec.android.app.shealth,2018-06-15 04:00:45.825,2018-06-14 04:00:39.933,931161ee-17ba-432a-8c59-35107ee2b16c,1271.2639,348.995,1528934400000,avnWu77KPA
0.0,9764798,com.sec.android.app.shealth,2018-05-10 04:00:03.119,2018-05-09 04:28:40.655,9315ad93-32e1-48cd-a1a5-df1c355f38a2,1212.8254,520.17035,1525824000000,avnWu77KPA
0.0,3009189,com.sec.android.app.shealth,2018-03-03 17:08:00.229,2018-02-24 05:02:45.718,9339bc90-5ca7-4a2a-ad70-3314d8d9048a,1319.7395,156.57935,1519430400000,avnWu77KPA
0.0,7065801,com.sec.android.app.shealth,2018-04-16 17:45:37.277,2018-04-11 04:12:34.602,93f6d07a-becb-410a-8dae-eefa4e4473a8,1255.5398,377.23755,1523404800000,avnWu77KPA
0.0,7756259,com.sec.android.app.shealth,2018-03-10 05:44:08.694,2018-03-09 05:13:14.650,940b9bed-3cc3-42ad-b992-9180716f6e55,1244.6125,436.8688,1520553600000,avnWu77KPA
0.0,2610591,com.sec.android.app.shealth,2018-05-25 04:01:23.630,2018-05-24 04:00:01.730,9411546b-abf7-4083-a977-1093a227259a,1326.0476,145.09915,1527120000000,avnWu77KPA
0.0,5762542,com.sec.android.app.shealth,2018-08-03 04:00:00.937,2018-08-02 04:00:00.797,946d9c97-f8e8-4b30-83af-30782e65c078,1276.165,308.6897,1533168000000,dgrrqaEJmv
0.0,3688199,com.sec.android.app.shealth,2018-01-03 02:58:57.227,2017-12-14 05:00:00.704,9579edda-d0d6-4cee-9a81-90ed27df548c,1308.9935,202.28683,1513209600000,avnWu77KPA
0.0,6399259,com.sec.android.app.shealth,2017-12-03 05:00:02.276,2017-12-02 05:00:00.516,95f2ee5a-6f16-468d-aedb-064c6019fd16,1270.0977,347.01,1512172800000,avnWu77KPA
0.0,6790180,com.sec.android.app.shealth,2017-11-10 05:06:48.938,2017-11-09 05:00:01.570,974a8147-aef5-45a7-a677-ead62accef75,1263.8915,381.29333,1510185600000,avnWu77KPA
0.0,6570866,com.sec.android.app.shealth,2018-06-01 04:00:03.882,2018-05-31 04:00:05.637,97f21621-a0b8-4c26-92d9-c94ab1ebd163,1263.3726,375.76395,1527724800000,avnWu77KPA
0.0,5996751,com.sec.android.app.shealth,2018-08-16 06:00:02.202,2018-08-15 06:00:01.817,9a08ece4-a10c-4900-b3c0-6d20876d5d49,1272.4584,305.88464,1534291200000,dgrrqaEJmv
0.0,7428003,com.sec.android.app.shealth,2018-06-25 07:00:03.132,2018-06-24 07:00:13.150,9acd6ed0-53ed-4305-a01b-0e7069bbecfb,1249.8075,389.37198,1529798400000,avnWu77KPA
0.0,7782626,com.sec.android.app.shealth,2017-11-04 04:20:02.638,2017-11-03 04:00:41.380,9e09b3aa-0459-4875-a0b4-723cb81784e5,1248.1353,430.07965,1509667200000,avnWu77KPA
0.0,2760065,com.sec.android.app.shealth,2018-08-13 05:00:02.559,2018-08-12 05:00:01.599,9e446f57-3f16-4473-8765-598fa6920fbb,1323.6821,146.25801,1534032000000,dgrrqaEJmv
0.0,5387652,com.sec.android.app.shealth,2018-08-04 04:00:02.042,2018-08-03 04:00:00.570,9edba210-bd99-4b64-b2ca-723e3c50c625,1282.0981,294.9705,1533254400000,dgrrqaEJmv
0.0,3827029,com.sec.android.app.shealth,2018-08-15 06:00:02.227,2018-08-14 06:00:00.945,a0231b7d-c528-4c78-8b51-2f4aedd5e2e7,1306.7964,192.88602,1534204800000,dgrrqaEJmv
0.0,4423105,com.sec.android.app.shealth,2018-03-06 05:00:01.012,2018-03-05 05:00:00.733,a0bee481-fee0-47ba-b53d-6f3866998f99,1297.3629,234.51581,1520208000000,avnWu77KPA
0.0,2915673,com.sec.android.app.shealth,2018-01-19 05:00:16.605,2018-01-18 05:14:44.721,a0d6b15e-6327-42bc-b9b3-57ee06747074,1321.2195,155.354,1516233600000,avnWu77KPA
0.0,9787405,com.sec.android.app.shealth,2018-02-07 05:00:01.012,2018-02-06 05:00:00.802,a3a6fe00-2ec2-4e77-8081-4ac5402abef4,1212.4677,539.0313,1517875200000,avnWu77KPA
0.0,752953,com.sec.android.app.shealth,2018-06-27 07:00:02.517,2018-06-26 07:01:02.896,a4f7096f-df73-4285-9f52-2d4cdb2b26cb,1355.4465,35.309998,1529971200000,avnWu77KPA
0.0,3003040,com.sec.android.app.shealth,2017-10-27 05:16:19.965,2017-10-27 05:16:19.965,a5c3027c-a93e-480d-9880-9038c4af81f6,1324.0162,161.23431,1506729600000,avnWu77KPA
0.0,6628783,com.sec.android.app.shealth,2018-01-03 02:58:57.827,2017-12-17 05:00:00.479,a614444b-308b-4acf-8df1-9a640dc1008c,1262.4559,376.46786,1513468800000,avnWu77KPA
0.0,34684,com.sec.android.app.shealth,2018-01-18 05:14:44.963,2018-01-17 05:00:01.924,a637f48e-ef57-44e8-85b4-6b59e2c7ab5d,1366.8138,1.63,1516147200000,avnWu77KPA
0.0,10672,com.sec.android.app.shealth,2017-12-02 05:00:00.722,2017-12-01 05:35:47.827,a6a1007b-b22a-426d-bf88-6b3ec0db3cde,1371.5233,0.48,1512086400000,avnWu77KPA
0.0,7133830,com.sec.android.app.shealth,2018-05-05 04:00:27.437,2018-05-04 04:30:38.625,a752d691-5f0e-40b2-923d-6dd0eef8c4fb,1254.463,380.22815,1525392000000,avnWu77KPA
0.0,2567962,com.sec.android.app.shealth,2018-08-07 05:00:02.401,2018-08-06 04:00:00.763,a75e6c58-c7ca-43d5-bf0e-65394b38b05f,1326.7224,132.3735,1533513600000,dgrrqaEJmv
0.0,3559148,com.sec.android.app.shealth,2018-01-23 05:01:04.655,2018-01-22 05:02:37.141,a84335b3-491a-47f4-8831-fd425824d933,1311.0358,190.05283,1516579200000,avnWu77KPA
0.0,6449204,com.sec.android.app.shealth,2018-04-06 18:31:14.666,2018-04-05 18:30:02.988,a87e009e-1cb3-44a4-89c3-df959a890c9a,1265.2981,329.46088,1522972800000,avnWu77KPA
0.0,4263881,com.sec.android.app.shealth,2017-12-05 05:00:02.993,2017-12-04 05:00:01.702,a8e3d3cc-ab0d-48d8-8bd3-510d2c3c8617,1303.9991,224.40399,1512345600000,avnWu77KPA
0.0,10879267,com.sec.android.app.shealth,2018-05-19 04:00:02.188,2018-05-18 04:00:04.341,a9a84687-e9d5-4fa7-8526-5b401eb89605,1195.188,581.25684,1526601600000,avnWu77KPA
0.0,5210734,com.sec.android.app.shealth,2017-11-30 05:15:09.647,2017-11-29 05:00:02.926,aab03c48-7a92-46e9-99db-67ce37b93656,1288.9667,275.55026,1511913600000,avnWu77KPA
0.0,4965351,com.sec.android.app.shealth,2018-09-05 04:00:01.448,2018-09-04 04:00:00.637,ab2e8752-3945-4353-a520-e2ea5d5c3dcc,1288.7814,271.67215,1536019200000,dgrrqaEJmv
0.0,3617464,com.sec.android.app.shealth,2018-03-11 05:01:57.795,2018-03-10 05:00:56.851,ab66014c-339f-4c57-b4b6-a71d0655c346,1310.1129,191.61449,1520640000000,avnWu77KPA
0.0,4837760,com.sec.android.app.shealth,2018-01-29 05:00:45.423,2018-01-28 05:01:12.849,ab88a113-8d10-4760-8ecb-0aceb6c73377,1290.8005,255.44434,1517097600000,avnWu77KPA
0.0,9735327,com.sec.android.app.shealth,2017-11-29 05:00:03.159,2017-11-28 07:19:42.228,abd2afd6-c1c4-45dc-9ae4-4bf2f6bb46f3,1217.134,540.88574,1511827200000,avnWu77KPA
0.0,6713516,com.sec.android.app.shealth,2018-01-16 05:00:20.808,2018-01-15 05:00:36.483,acebf078-7fee-4b5a-8b47-2c209210f589,1261.1149,383.124,1515974400000,avnWu77KPA
0.0,11307077,com.sec.android.app.shealth,2018-06-13 04:00:01.657,2018-06-12 04:00:02.143,ae13aa2f-535a-45b1-b110-4e0d77ded3de,1188.4175,615.5518,1528761600000,avnWu77KPA
0.0,4965165,com.sec.android.app.shealth,2018-04-21 04:00:00.862,2018-04-20 04:00:00.696,ae1faa71-a121-4c49-b025-d7cce9c10e33,1288.7843,281.85498,1524182400000,avnWu77KPA
0.0,6083657,com.sec.android.app.shealth,2018-01-07 05:00:01.947,2018-01-05 22:00:01.866,af13b17e-4476-4d3d-8e84-3d97585cb9ba,1271.0831,318.3027,1515196800000,avnWu77KPA
0.0,4795444,com.sec.android.app.shealth,2018-07-24 04:00:01.184,2018-07-23 04:00:00.789,b01cd9ba-1040-4217-9d4d-0c5451161874,1291.4703,271.86304,1532304000000,dgrrqaEJmv
0.0,9539710,com.sec.android.app.shealth,2018-04-16 17:45:37.329,2018-04-13 04:01:01.643,b0238a18-51ac-49a8-b63d-688dea17b7cf,1216.3877,501.7623,1523577600000,avnWu77KPA
0.0,8347336,com.sec.android.app.shealth,2018-06-07 04:00:15.611,2018-06-06 04:00:16.999,b0f4e5c5-b60c-4e4c-b7f2-67bd10b4dd98,1235.2582,470.00952,1528243200000,avnWu77KPA
0.0,7892492,com.sec.android.app.shealth,2018-07-13 04:00:53.402,2018-07-12 04:00:02.012,b1fdf03b-8ef2-4869-8f33-2e4cbfa4938a,1242.4564,413.90265,1531353600000,avnWu77KPA
0.0,8593792,com.sec.android.app.shealth,2018-01-31 05:00:01.108,2018-01-30 05:00:01.604,b2951408-426f-487c-a6a7-0cac4524622c,1231.3578,481.8188,1517270400000,avnWu77KPA
0.0,5710238,com.sec.android.app.shealth,2018-09-12 04:00:03.863,2018-09-11 04:00:02.560,b49dcd4d-8611-4c4c-a23c-2268ad62db45,1276.9928,306.761,1536624000000,dgrrqaEJmv
0.0,8573630,com.sec.android.app.shealth,2018-01-03 02:59:00.260,2017-12-28 16:00:34.861,b5989cb8-c84d-4478-91e2-6f79b24aec77,1231.6769,459.11978,1514505600000,avnWu77KPA
0.0,4320921,com.sec.android.app.shealth,2017-10-27 05:16:21.698,2017-10-27 05:16:21.698,b5c7b333-0d9e-4042-9fbe-6e7bb9d36248,1303.0935,236.75949,1508371200000,avnWu77KPA
0.0,2285840,com.sec.android.app.shealth,2018-08-09 05:00:01.136,2018-08-08 05:00:00.999,b6159333-f913-4737-8c22-9e8acb98d06c,1331.1871,116.046005,1533686400000,dgrrqaEJmv
0.0,4800428,com.sec.android.app.shealth,2018-05-21 04:00:32.989,2018-05-20 04:01:13.821,b72550a6-8a36-47ab-8240-fccc2d5d0830,1291.3914,254.21481,1526774400000,avnWu77KPA
0.0,5250938,com.sec.android.app.shealth,2018-01-26 05:02:56.938,2018-01-25 05:02:13.582,b73d77cf-bbcf-4892-8bfd-46fd4eaa18ce,1284.2617,291.38583,1516838400000,avnWu77KPA
0.0,398776,com.sec.android.app.shealth,2018-06-21 07:00:01.853,2018-06-20 07:00:03.709,b8034b00-c016-4c9c-8846-070a99742e90,1361.0518,28.900005,1529452800000,avnWu77KPA
0.0,0,com.sec.android.app.shealth,2018-02-17 05:17:38.989,2018-02-16 05:00:05.565,b9caccf6-bb85-4b0f-a9cf-cc63ea7bd32e,1367.3628,0.0,1518739200000,avnWu77KPA
0.0,4129669,com.sec.android.app.shealth,2018-02-20 05:00:01.638,2018-02-19 05:00:02.793,b9dfb8b2-4eb2-4ec6-abd5-186747386f3a,1302.0067,213.66217,1518998400000,avnWu77KPA
0.0,3404212,com.sec.android.app.shealth,2018-03-31 18:34:55.479,2018-03-30 18:30:12.672,bb4b2321-c700-4f88-821b-d0545eafcc31,1313.4879,177.83,1522454400000,avnWu77KPA
0.0,4148965,com.sec.android.app.shealth,2018-03-02 05:00:02.189,2018-03-01 05:00:02.026,bc0d6592-1f77-426c-9c5e-411ae5c331ed,1301.7014,226.78668,1519862400000,avnWu77KPA
0.0,1524905,com.sec.android.app.shealth,2018-01-08 05:01:29.125,2018-01-07 05:00:01.743,bc4529b6-9f5a-4cf9-8f5b-0d78d3d4224e,1343.2297,76.049995,1515283200000,avnWu77KPA
0.0,7039776,com.sec.android.app.shealth,2017-11-02 04:01:04.640,2017-11-01 04:00:02.627,bc4ceeba-b670-45fd-be4b-858c124bc879,1259.9287,386.3106,1509494400000,avnWu77KPA
0.0,6329428,com.sec.android.app.shealth,2018-03-23 04:03:05.255,2018-03-22 04:00:07.957,bcc45756-9b02-4ab2-a455-bcbcde979c84,1267.1936,352.5758,1521676800000,avnWu77KPA
0.0,4220584,com.sec.android.app.shealth,2018-01-27 05:31:27.753,2018-01-26 05:02:16.799,bcdb0d53-f1d5-4f4f-b1dc-39b68090d2a1,1300.568,213.432,1516924800000,avnWu77KPA
0.0,1284889,com.sec.android.app.shealth,2018-01-09 07:54:12.000,2018-01-08 05:01:28.464,be37c63d-ea1d-4e10-8289-8027a969abc1,1347.0282,67.03,1515369600000,avnWu77KPA
0.0,4474149,com.sec.android.app.shealth,2018-04-16 17:45:37.185,2018-04-07 18:31:09.530,be757ccb-2dd4-449c-ad78-e635976bbde8,1296.555,227.30106,1523145600000,avnWu77KPA
0.0,44689,com.sec.android.app.shealth,2018-04-24 04:00:02.286,2018-04-23 04:19:48.735,bee1869b-96a5-40aa-8ab5-277cf5dd410a,1366.6555,2.01,1524441600000,avnWu77KPA
0.0,6789878,com.sec.android.app.shealth,2018-09-12 06:48:16.742,2018-09-05 04:00:00.929,bf60cca2-1367-43e4-9125-231e4ed1d54f,1259.9065,353.684,1536105600000,dgrrqaEJmv
0.0,3740190,com.sec.android.app.shealth,2018-01-21 05:01:47.003,2018-01-20 05:01:44.489,c0be6d4c-fd69-4cf0-8086-f47a25eb5794,1308.1707,200.611,1516406400000,avnWu77KPA
0.0,5788388,com.sec.android.app.shealth,2018-04-26 04:00:03.019,2018-04-25 04:00:01.375,c0d42e8b-c9f6-4c87-b454-3d3662d42fe2,1275.7561,328.8548,1524614400000,avnWu77KPA
0.0,6541430,com.sec.android.app.shealth,2018-01-03 02:58:57.671,2017-12-16 05:04:22.450,c15e6b28-e9a9-4be1-a9b0-3ef6cc4339c2,1263.8384,336.75934,1513382400000,avnWu77KPA
0.0,3635974,com.sec.android.app.shealth,2018-05-08 04:00:41.546,2018-05-07 04:00:01.661,c32a2a86-2f76-4cf8-8159-868ad35b36a2,1309.82,208.27415,1525651200000,avnWu77KPA
0.0,7367578,com.sec.android.app.shealth,2018-02-10 05:04:53.293,2018-02-09 05:00:00.695,c3fbca25-e275-4d02-a68c-11d58c1ef7ce,1250.7639,421.33014,1518134400000,avnWu77KPA
0.0,9735041,com.sec.android.app.shealth,2018-06-24 07:12:21.924,2018-06-23 07:01:24.180,c464c321-8679-468f-94e0-eafe71ded4c1,1213.2965,523.6515,1529712000000,avnWu77KPA
0.0,8398842,com.sec.android.app.shealth,2018-04-05 18:30:03.480,2018-04-04 19:30:55.099,c4d32377-ea62-400a-99fc-b816fccef866,1234.4431,435.3956,1522886400000,avnWu77KPA
0.0,1093905,com.sec.android.app.shealth,2018-06-19 07:00:02.365,2018-06-18 07:14:36.680,c6048c0b-a034-4ad2-8765-71685479cb2f,1350.0508,55.57999,1529280000000,avnWu77KPA
0.0,3316877,com.sec.android.app.shealth,2018-04-20 04:00:01.004,2018-04-19 04:00:02.860,c61f24e5-e9d1-4158-914e-4033a3b59d93,1314.87,193.983,1524096000000,avnWu77KPA
0.0,7490110,com.sec.android.app.shealth,2017-10-28 04:01:09.846,2017-10-27 05:16:15.412,c7046ef2-af1a-42a0-a87b-a86fcfa6f142,1252.7792,421.6904,1509062400000,avnWu77KPA
0.0,5989174,com.sec.android.app.shealth,2018-01-22 05:02:37.388,2018-01-21 05:01:46.578,c7065058-d2b9-418a-961a-53d0af3afab7,1272.5784,314.35352,1516492800000,avnWu77KPA
0.0,4264124,com.sec.android.app.shealth,2018-02-27 05:00:02.823,2018-02-26 05:01:14.910,c7c66aa5-3423-4c4b-81ef-f879de2966b5,1299.8788,241.05835,1519603200000,avnWu77KPA
0.0,8208922,com.sec.android.app.shealth,2017-11-03 04:00:41.822,2017-11-02 04:01:04.020,c7ea1c9d-7620-49f5-94fd-8128dc32225d,1241.3673,433.4903,1509580800000,avnWu77KPA
0.0,6585957,com.sec.android.app.shealth,2018-04-01 18:30:07.525,2018-03-31 18:31:15.811,c95044b9-6244-45b9-8215-c724ac3f2de4,1263.1337,354.0853,1522540800000,avnWu77KPA
0.0,6044252,com.sec.android.app.shealth,2018-01-25 05:02:13.880,2018-01-24 05:01:10.491,c9bfe945-75e5-4108-a8a4-c36b7e683144,1271.7067,343.01898,1516752000000,avnWu77KPA
0.0,6426693,com.sec.android.app.shealth,2018-05-24 04:00:02.052,2018-05-23 04:00:41.432,ca795818-950e-464f-b622-3ba2fcd164ae,1265.6542,344.8885,1527033600000,avnWu77KPA
0.0,5524302,com.sec.android.app.shealth,2018-03-03 05:02:46.719,2018-03-02 05:00:01.862,cb7d328a-01a0-4413-ac4c-9145492cc71b,1279.9354,310.0955,1519948800000,avnWu77KPA
0.0,8558970,com.sec.android.app.shealth,2018-01-03 02:58:59.619,2017-12-23 17:01:10.222,cca8f32f-a859-4a44-8282-70e6000731ec,1231.9089,440.7503,1514073600000,avnWu77KPA
0.0,5732005,com.sec.android.app.shealth,2018-01-03 02:58:58.122,2017-12-18 05:00:01.030,cd1ad4ec-516d-4dc5-af19-1332b89cec6b,1276.6482,293.40448,1513555200000,avnWu77KPA
0.0,4792292,com.sec.android.app.shealth,2018-04-04 19:30:56.164,2018-04-03 18:30:32.480,cd97ca51-aa66-4dbf-a60e-d56b0299986b,1291.5203,233.84007,1522800000000,avnWu77KPA
0.0,6772584,com.sec.android.app.shealth,2018-02-28 05:00:01.548,2018-02-27 05:00:02.275,cdb931d3-ee5d-48fd-996b-1d0c30c9f4c1,1260.1802,374.5051,1519689600000,avnWu77KPA
0.0,6563887,com.sec.android.app.shealth,2018-09-12 06:48:16.569,2018-08-31 04:00:02.003,cffb78eb-3eb9-4150-83c4-66316ae4b166,1263.483,355.8846,1535673600000,dgrrqaEJmv
0.0,4833022,com.sec.android.app.shealth,2018-02-13 05:33:38.132,2018-02-12 05:00:01.670,d221f38b-cf39-437a-80e0-0a4adada2965,1290.8756,279.5425,1518393600000,avnWu77KPA
0.0,2922504,com.sec.android.app.shealth,2018-07-25 05:26:33.385,2018-07-24 04:00:00.788,d404114c-dfbd-4f20-b983-6448fb7beac6,1321.1113,166.78017,1532390400000,dgrrqaEJmv
0.0,5358996,com.sec.android.app.shealth,2018-04-29 04:01:02.090,2018-04-28 04:00:09.188,d4877860-0919-47df-8ee7-2b8ca8e31ebd,1282.5516,291.96,1524873600000,avnWu77KPA
0.0,4479532,com.sec.android.app.shealth,2017-11-21 05:02:23.724,2017-11-20 05:00:35.613,d62f1248-5ae4-419b-836e-7ee224d98b55,1300.5753,242.52914,1511136000000,avnWu77KPA
0.0,5022950,com.sec.android.app.shealth,2018-06-16 07:15:57.942,2018-06-15 04:00:45.428,d6f598dc-8467-40e5-ad78-819043728462,1287.8698,272.99066,1529020800000,avnWu77KPA
0.0,5067543,com.sec.android.app.shealth,2018-07-29 04:00:01.009,2018-07-28 04:00:00.756,d79a09e4-2d34-4cc2-9770-e0c74cb5cb29,1287.1641,287.15366,1532736000000,dgrrqaEJmv
0.0,3222854,com.sec.android.app.shealth,2018-06-28 07:21:19.341,2018-06-27 07:00:02.281,d7a7f70c-e2eb-4db2-abc1-38ff710a236e,1316.358,163.72017,1530057600000,avnWu77KPA
0.0,4922993,com.sec.android.app.shealth,2018-09-10 04:00:01.049,2018-09-09 04:00:00.613,d7e78bbe-aea0-4ee5-aa76-3811fb11e6a9,1289.4518,285.0925,1536451200000,dgrrqaEJmv
0.0,2592959,com.sec.android.app.shealth,2018-07-03 07:00:48.898,2018-07-02 07:00:47.643,d9bcf693-d94a-4a17-92b8-c159110fff6a,1326.3267,131.78,1530489600000,avnWu77KPA
0.0,3761256,com.sec.android.app.shealth,2018-03-21 04:00:09.607,2018-03-20 04:00:08.214,da6883f3-c16b-40cd-ae6e-39fa81618245,1307.8374,212.73499,1521504000000,avnWu77KPA
0.0,7103959,com.sec.android.app.shealth,2018-02-21 15:42:41.223,2018-02-18 05:00:15.914,db915cd2-4188-4547-b0fe-737cfc30ee26,1254.9358,391.17886,1518912000000,avnWu77KPA
0.0,2735541,com.sec.android.app.shealth,2017-10-27 05:16:21.096,2017-10-27 05:16:21.096,dbae2b60-a989-4e03-bf70-82145f6438b3,1328.2631,156.87,1507766400000,avnWu77KPA
0.0,4672992,com.sec.android.app.shealth,2017-11-12 05:01:57.110,2017-11-11 06:39:32.672,dbecd53c-999d-4376-a203-3a926ef7584c,1297.504,244.0125,1510358400000,avnWu77KPA
0.0,372733,com.sec.android.app.shealth,2018-01-10 05:21:25.343,2018-01-09 07:54:10.035,dc7a90e4-5afc-421b-934c-3427d334a113,1361.4639,18.619999,1515456000000,avnWu77KPA
0.0,5832463,com.sec.android.app.shealth,2018-05-04 04:30:39.572,2018-05-03 04:00:35.498,dc9012c1-139a-47f2-bb04-cf43d5ab48f9,1275.0585,318.22748,1525305600000,avnWu77KPA
0.0,7220651,com.sec.android.app.shealth,2018-05-03 04:00:36.017,2018-05-02 04:00:52.301,dd5eee55-179c-4513-b534-725cc17f9702,1253.0891,391.80417,1525219200000,avnWu77KPA
0.0,8132183,com.sec.android.app.shealth,2018-09-07 04:13:19.899,2018-09-06 04:00:01.021,dd6cb85c-c524-44bc-b9a5-9e5b2d913a22,1238.6632,441.02234,1536192000000,dgrrqaEJmv
0.0,1916550,com.sec.android.app.shealth,2018-03-18 04:00:04.590,2018-03-17 04:00:37.485,dfcca774-4d9d-4d17-9d2f-90b0a4b958e6,1337.0316,99.87001,1521244800000,avnWu77KPA
0.0,1699109,com.sec.android.app.shealth,2018-01-14 05:00:44.395,2018-01-13 05:51:21.016,e0d300dc-0cec-4dc2-9a13-48e3b5c01fcf,1340.4727,89.03999,1515801600000,avnWu77KPA
0.0,5312238,com.sec.android.app.shealth,2017-11-08 05:00:01.507,2017-11-07 05:00:33.505,e15ac66d-03b7-4393-b286-d8cac443fca8,1287.3552,295.78152,1510012800000,avnWu77KPA
0.0,3044316,com.sec.android.app.shealth,2018-03-13 04:00:05.819,2018-03-12 04:14:58.906,e2ad209a-d26a-47df-83e4-5e9f8d41267a,1319.1836,174.69101,1520812800000,avnWu77KPA
0.0,5610570,com.sec.android.app.shealth,2017-11-23 06:01:28.753,2017-11-22 05:00:11.585,e2d431af-afac-4dc4-8c3b-d1b2d50dac3a,1282.619,299.60498,1511308800000,avnWu77KPA
0.0,3195480,com.sec.android.app.shealth,2018-05-20 04:01:14.027,2018-05-19 04:00:00.873,e3327e4c-e6e1-4da4-b189-b7867094373e,1316.7913,172.74998,1526688000000,avnWu77KPA
0.0,5098607,com.sec.android.app.shealth,2018-08-31 04:00:02.806,2018-08-30 04:00:00.623,e38b5f6a-b7e3-4a2a-a026-bc8566bc730a,1286.6725,276.10516,1535587200000,dgrrqaEJmv
0.0,7369579,com.sec.android.app.shealth,2018-05-27 04:37:15.431,2018-05-26 04:00:27.374,e53c506f-2101-4609-80d9-8eed698471ca,1250.7322,407.17072,1527292800000,avnWu77KPA
0.0,6259003,com.sec.android.app.shealth,2018-06-17 07:00:02.714,2018-06-16 07:00:17.842,e7b7cfd7-9e01-4942-b018-6d15fbaa9a32,1268.3081,333.8,1529107200000,avnWu77KPA
0.0,8616651,com.sec.android.app.shealth,2018-05-09 04:28:42.543,2018-05-08 04:00:41.018,e7b9be4a-ef62-48a2-b8c2-4180227475ec,1230.9961,456.33832,1525737600000,avnWu77KPA
0.0,4269743,com.sec.android.app.shealth,2018-08-08 05:00:01.390,2018-08-07 05:00:01.817,ea5b7db6-f896-45c7-8f5c-1f6d4bb6cdc0,1299.79,238.0988,1533600000000,dgrrqaEJmv
0.0,1269608,com.sec.android.app.shealth,2018-03-05 05:00:01.059,2018-03-04 05:00:01.123,ea8ab98e-662c-4c01-b6c1-3cb91e6f11fd,1347.27,67.94,1520121600000,avnWu77KPA
0.0,6607391,com.sec.android.app.shealth,2018-06-09 04:03:15.518,2018-06-08 04:01:03.481,eaa898f6-6a49-4df3-a219-71c01bc76043,1262.7946,369.2104,1528416000000,avnWu77KPA
0.0,6161414,com.sec.android.app.shealth,2017-12-07 05:00:05.401,2017-12-06 05:00:01.079,eb23feed-2957-4d51-9b87-e6f3a4bf210a,1273.8737,322.9473,1512518400000,avnWu77KPA
0.0,3641154,com.sec.android.app.shealth,2018-06-23 07:01:24.557,2018-06-22 07:00:01.221,eb980baf-171e-46e5-80c7-5a45e242ee40,1309.738,185.59949,1529625600000,avnWu77KPA
0.0,3271081,com.sec.android.app.shealth,2018-02-18 05:00:16.081,2018-02-17 05:17:38.267,ec873da4-20d3-4967-852c-e4d9717547f5,1315.5948,165.95284,1518825600000,avnWu77KPA
0.0,4005931,com.sec.android.app.shealth,2018-07-12 04:00:02.353,2018-07-11 04:00:01.518,ec896e85-afe9-4433-b24b-e0c8f4b6c63d,1303.9652,211.20848,1531267200000,avnWu77KPA
0.0,5293880,com.sec.android.app.shealth,2017-11-22 05:00:12.061,2017-11-21 05:02:23.281,ed109400-5356-43d9-bbe1-6edf766a10a6,1287.6467,285.10278,1511222400000,avnWu77KPA
0.0,1780987,com.sec.android.app.shealth,2018-01-17 05:00:02.336,2018-01-16 05:00:17.079,ef89608a-c99d-4e0b-8b8b-34261fc382a6,1339.177,97.63999,1516060800000,avnWu77KPA
0.0,3583035,com.sec.android.app.shealth,2018-05-14 05:00:01.333,2018-05-13 05:00:01.273,f13f6b22-eb30-47ea-b0ee-b780324c8cf5,1310.6578,180.35997,1526169600000,avnWu77KPA
0.0,10999296,com.sec.android.app.shealth,2018-03-17 04:00:37.850,2018-03-16 04:00:48.772,f14ffcc8-4ffc-4f7d-8b83-ef751b27bb53,1193.2885,600.2156,1521158400000,avnWu77KPA
0.0,6378311,com.sec.android.app.shealth,2018-07-14 04:08:31.155,2018-07-13 04:00:53.110,f2aaac9a-a2dc-43d6-a24d-6e1236e7e419,1266.4199,334.63275,1531440000000,avnWu77KPA
0.0,4539014,com.sec.android.app.shealth,2017-10-27 05:16:20.047,2017-10-27 05:16:20.047,f321a97d-6b8d-40f4-9944-986b119a13c2,1299.631,245.52116,1506816000000,avnWu77KPA
0.0,7535609,com.sec.android.app.shealth,2018-07-20 04:00:01.767,2018-07-19 04:00:00.655,f4111268-967e-4d1e-879b-0f80d89805f5,1248.1046,393.4227,1531958400000,dgrrqaEJmv
0.0,5951057,com.sec.android.app.shealth,2018-05-22 05:24:17.510,2018-05-21 04:00:32.750,f4166abf-eb2c-490a-8b04-2e9e3e35d06a,1273.1816,331.32898,1526860800000,avnWu77KPA
0.0,6266426,com.sec.android.app.shealth,2018-03-07 05:01:08.926,2018-03-06 05:00:00.738,f6789bd4-1f9d-4cf3-83c6-5b0be07382db,1268.1907,331.73267,1520294400000,avnWu77KPA
0.0,9369241,com.sec.android.app.shealth,2018-09-12 06:48:16.181,2018-08-22 04:00:00.817,f7bcf16d-a85b-484f-9f70-c1722ee6dc0f,1219.0857,503.46255,1534896000000,dgrrqaEJmv
0.0,7085112,com.sec.android.app.shealth,2017-10-27 05:16:20.207,2017-10-27 05:16:20.207,f7edd2d4-ca17-4d3b-8e03-f7d9546a91a1,1259.209,382.2681,1506988800000,avnWu77KPA
0.0,1387782,com.sec.android.app.shealth,2018-09-12 06:48:16.266,2018-08-24 04:00:01.170,f84b7687-7d2d-4a8a-b957-840fee58662a,1345.3999,72.44299,1535068800000,dgrrqaEJmv
0.0,4604391,com.sec.android.app.shealth,2018-01-03 02:58:56.677,2017-12-13 05:00:00.700,f8641334-d002-49cd-abf8-12d3e6f8a182,1294.4939,254.77484,1513123200000,avnWu77KPA
0.0,9199795,com.sec.android.app.shealth,2018-03-01 05:00:02.626,2018-02-28 05:00:01.134,f90f3b24-8f52-43f9-b507-784dba8bc17f,1221.7673,510.56934,1519776000000,avnWu77KPA
0.0,5602991,com.sec.android.app.shealth,2018-02-21 05:00:47.119,2018-02-20 05:00:01.432,f932c062-dad5-424f-a3ff-75749490f3d9,1278.6901,299.07217,1519084800000,avnWu77KPA
0.0,5681880,com.sec.android.app.shealth,2018-02-09 05:00:01.296,2018-02-08 05:43:49.876,f93fe96c-5d17-419d-93ec-53506cfcf52f,1277.4415,317.557,1518048000000,avnWu77KPA
0.0,4473892,com.sec.android.app.shealth,2017-10-27 05:16:22.024,2017-10-27 05:16:22.024,f94f14de-f926-4174-9149-621633955d37,1300.6649,236.61748,1508630400000,avnWu77KPA
0.0,5088584,com.sec.android.app.shealth,2018-07-21 04:00:00.891,2018-07-20 04:00:00.570,fc12c374-8bf1-45b5-bdf4-93c93c57cca9,1286.831,274.19214,1532044800000,dgrrqaEJmv
0.0,4483305,com.sec.android.app.shealth,2018-07-19 04:00:01.152,2018-07-18 04:00:29.867,fca96b2e-301c-4ec6-9e8c-ba39ed304725,1296.4103,256.33246,1531872000000,dgrrqaEJmv
0.0,3496609,com.sec.android.app.shealth,2018-07-02 07:00:48.005,2018-07-01 07:39:18.992,fd542b22-a89a-4fe0-a391-8f2a3a002972,1312.0256,175.55003,1530403200000,avnWu77KPA
0.0,716298,com.sec.android.app.shealth,2018-07-01 07:39:20.001,2018-06-30 07:01:00.595,fed54fa4-5588-4317-8f71-155f2c1d0b7b,1356.0267,32.92,1530316800000,avnWu77KPA
0.0,8529918,com.sec.android.app.shealth,2017-10-27 05:16:21.537,2017-10-27 05:16:21.537,ff73bdcd-47f3-42ec-a3fd-785ca54485aa,1236.2711,480.10883,1508198400000,avnWu77KPA
