distance	duration	create_time	mean_speed	calorie
1014.46	831010	1506494504.838	1.2207555	46.86
1003.42	917462	1517955412.129	1.0936911	45.57
1650.49	1223656	1519875960.9	1.3488187	71.41
966.04	831594	1507170726.271	1.1616726	42.23
1096.09	772099	1527736045.527	1.4196237	45.88
1702.49	1233281	1534655933.128	1.3804559	72.24
834.67	684084	1523466064.13	1.2201279	35.54
1177.98	814720	1534818425.93	1.4458709	53.02
1399.99	1145332	1532395276.436	1.2223443	63.02
1010.18	817564	1494112255.818	1.2355974	45.24
706.87	670530	1523916191.336	1.054196	33.41
2265.32	1930539	1524617899.268	1.1734133	103.39
1764.2	1432994	1509740714.798	1.2311286	75.11
1219.4	979333	1523013145.707	1.2451332	51.46
1035.23	768866	1492105932.749	1.3464376	45.34
1240.77	1004226	1494167741.21	1.2355485	54.13
1008.94	849776	1505249077.541	1.187301	47.2
735.78	695268	1514304922.326	1.0582682	33.68
1773.06	1234290	1497218093.255	1.436502	74.62
1207.93	940955	1504309975.011	1.2837278	52.26
1552.57	1137163	1503106413.766	1.3653013	64.799995
1114.33	955563	1508561711.961	1.1661502	47.37
1362.14	1016008	1503128095.93	1.3406785	58.33
817.51996	678710	1511670893.993	1.2045203	35.12
1158.09	1021083	1536887764.408	1.1341782	54.91
969.07	847317	1506404408.776	1.1436924	43.2
1870.18	1454697	1504667248.54	1.2856148	80.06
1463.83	1127691	1513373230.224	1.2980772	62.7
1045.34	733602	1513572048.609	1.4249417	44.9
1194.84	957467	1499908994.639	1.2479177	51.489998
1710.74	1321521	1518150688.24	1.2945235	73.76
1202.85	977331	1505244751.565	1.2307497	57.83
2022.15	1608944	1525920926.245	1.2568182	86.32
913.05	792388	1516600530.467	1.1522765	40.16
929.87	784855	1521784264.613	1.1847665	40.95
976.26	724732	1508227533.718	1.3470634	45.82
1021.5	905963	1533274908.523	1.1275296	49.88
2307.99	1746451	1518228822.053	1.3215315	97.51
1279.66	998295	1513779101.96	1.2818456	53.93
1013.26	785184	1499718418.155	1.2904745	45.79
865.45	845944	1496075489.66	1.0230582	39.21
978.1	785112	1507677428.272	1.2458094	42.26
775.85	728712	1500406247.389	1.0646867	35.8
1384.02	1147797	1532401171.937	1.2058055	64.68
814.51	686867	1525467480.339	1.1858336	34.95
957.69	976829	1496442965.857	0.98040694	46.82
1200.76	903903	1512780792.16	1.3284168	53.149998
1673.93	1284936	1510356824.737	1.3027341	74.19
1176.22	1022725	1534732531.698	1.1500844	50.59
1162.8	906734	1524964750.171	1.2824048	49.29
1613.55	1517543	1518920095.456	1.0632647	70.03
884.92	689567	1524720971.058	1.283298	38.78
1076.98	1000200	1534606420.676	1.0767647	51.59
983.76	706564	1506714661.781	1.3923155	43.01
1877.3	1490000	1528700669.882	1.2599329	80.81
736.83	679656	1531455309.025	1.084122	31.56
951.56	750480	1502056691.923	1.2679352	40.8
804.45	718995	1525306176.686	1.1188533	35.62
1802.82	1465408	1502604227.177	1.2302512	77.01
1037.19	794357	1503118820.21	1.3056976	43.54
2016.9199	1725237	1497034295.58	1.1690685	93.04
1013.44	755672	1531418566.841	1.341111	44.57
1827.94	1387050	1512722167.031	1.3178616	81.22
1335.92	886443	1507615143.445	1.5070568	55.22
980.98	786803	1535488549.482	1.2467926	41.77
1964.48	1566427	1493775383.893	1.2541152	87.9
1025.91	791820	1504644024.868	1.2956353	46.41
975.92	721076	1510958461.809	1.3534219	41.79
1166.6	788682	1512354583.999	1.4791768	51.4
4186.35	3380077	1534493268.312	1.2385368	188.3
1202.67	1081258	1519247740.401	1.1122878	52.46
1635.7	1282071	1512036908.886	1.2758265	74.59
1643.2	1354739	1525332633.239	1.2129273	69.3
1686.82	1447551	1519274076.737	1.1652923	72.77
1306.63	1033567	1521241108.922	1.2641947	58.92
1757.29	1347817	1513283062.228	1.3038045	75.36
718.77	643040	1511920054.815	1.1177686	31.199999
822.93	662417	1493834645.036	1.2423142	35.53
1143.08	929105	1494911747.398	1.2303022	49.26
1433.01	1254699	1509680081.347	1.1421145	63.2
1918.36	1674600	1512300831.031	1.1455631	89.21
993.38	750583	1501025808.986	1.3234777	42.88
1020.8	799874	1524441328.511	1.276201	45.22
977.47	765454	1501213233.493	1.2769808	42.3
2247.44	1702186	1528325697.559	1.3203259	96.17
1382.22	1109829	1495685607.015	1.2454351	58.7
966.96	756868	1504594205.874	1.2775809	43.8
1591.96	1284657	1528870502.661	1.2392101	72.57
1463.15	1180369	1526866896.064	1.23957	62.27
2074.32	1669865	1501037167.689	1.2422082	88.6
961.33	709549	1507675091.235	1.3548466	40.78
1317.51	1112984	1504400513.998	1.1837635	57.52
2703.05	2146136	1535780281.023	1.2594961	114.87
1555.29	1164365	1536177427.767	1.3357408	67.590004
866.17	704241	1492900033.583	1.2299341	36.34
1615.88	1332114	1509848887.623	1.2130194	69.3
792.19	680055	1534718366.334	1.1648911	34.65
1507.79	1084644	1519794979.69	1.3901242	64.33
1080.87	815910	1509837296.234	1.3247417	46.19
1003.01	775929	1494266037.699	1.2926569	43.52
901.83	783901	1527059741.67	1.1504387	39.57
1009.33	838072	1506056097.967	1.2043476	44.3
1003.10004	793030	1532825734.728	1.2648954	43.84
1715.85	1396362	1512079986.321	1.2288002	73.74
1428.54	1070985	1497037097.027	1.3338562	60.41
1748.92	1435457	1510207119.555	1.2183716	84.19
798.35	683130	1518742744.638	1.1686648	35.71
1255.97	981144	1491955549.606	1.2801079	53.79
1047.0	914544	1508827577.171	1.1448327	47.59
2570.8801	2234933	1496775774.583	1.1503165	113.08
1761.47	1312657	1499199408.436	1.3419118	75.22
1005.36	746366	1508184599.454	1.3470067	43.07
1153.42	994803	1508393581.758	1.1594455	51.02
805.21	671153	1529986493.436	1.1997414	34.5
2695.1199	2054271	1503551083.128	1.3119593	113.78
827.43	672561	1511241305.284	1.2302676	37.38
1518.19	1264395	1525912461.506	1.2007244	64.8
2036.73	1708103	1507513787.205	1.1923928	88.58
918.51	726611	1525325851.162	1.2641014	40.56
1281.91	930337	1524279062.564	1.3778986	56.14
1026.18	765347	1496103975.762	1.3408036	43.41
750.27	680558	1533877707.121	1.1024336	31.55
1441.68	1181694	1523492552.694	1.2200112	62.36
1496.87	1242706	1534915333.883	1.2045248	70.76
1173.68	940409	1515822897.63	1.2480527	51.2
1287.31	1105297	1501543231.135	1.1646734	55.48
2884.75	2296318	1511388441.771	1.2562503	127.81
1087.17	850265	1509236099.067	1.2786249	47.05
1184.79	972793	1510980077.604	1.217926	51.62
1016.07	775192	1507519657.481	1.3107332	44.59
818.29	661528	1517374569.339	1.2369697	35.17
847.21	658316	1509399070.85	1.2869351	36.51
1506.97	1137117	1536781853.417	1.325255	64.93
1011.09	779802	1509943047.485	1.2965984	42.81
1263.48	1030881	1499489301.721	1.2256312	55.21
2580.57	1988354	1504992895.181	1.2978424	110.4
863.1	662279	1530236099.783	1.3032273	36.96
990.94	747675	1493230050.833	1.325362	42.47
1014.58997	865130	1492573682.946	1.1727601	43.61
1106.69	1031600	1499724337.766	1.0727899	48.149998
1111.97	848009	1499831257.766	1.3112714	47.579998
1021.21	761532	1505439582.583	1.3409942	44.17
872.23	701200	1508285699.463	1.2439104	37.14
1062.29	817055	1504152896.783	1.300145	47.74
1256.96	993212	1526937987.27	1.2655505	59.22
799.17	671880	1496755394.235	1.1894535	34.77
1091.87	834950	1528396984.183	1.3077071	48.94
994.04	826886	1531290321.411	1.2021487	47.92
813.77	676426	1521833698.7	1.2030436	36.16
1040.0	898273	1507003841.619	1.1577772	44.05
926.92	731206	1536882685.211	1.2676591	41.08
843.59	685682	1507231893.583	1.2302934	37.95
1327.83	1074398	1529981479.938	1.2358829	56.8
1440.89	1601757	1496501331.494	0.89956844	71.39
1046.51	800622	1519283419.408	1.3071213	45.15
1392.74	1083359	1521568906.695	1.2855757	60.77
718.78	661211	1527900991.845	1.0870659	30.58
2931.46	2156454	1512798293.589	1.3593891	124.58
848.93	751442	1525284673.783	1.1297345	40.61
1689.11	1334055	1533458256.629	1.2661471	77.62
1606.54	1239194	1510286968.101	1.2964395	68.729996
1132.24	892124	1519518949.889	1.269151	47.01
1131.75	862870	1507341045.068	1.3116112	49.82
874.13	668345	1528742710.659	1.3079023	38.14
1350.2	1228484	1508876657.09	1.0990782	63.07
727.85	635958	1510461917.31	1.1444938	37.45
1612.51	1266482	1529903906.737	1.2732198	70.13
1669.14	1416480	1516313532.344	1.1783717	74.63
1661.88	1323091	1517472497.27	1.2560588	75.14
1480.49	1133630	1528512149.811	1.3059729	64.32
1179.54	812513	1513729131.907	1.4517183	51.42
972.5	785095	1508862788.529	1.2387036	43.88
1523.16	1163318	1504127688.244	1.3093239	65.46
1705.64	1342778	1518221542.778	1.2702323	71.99
1493.02	1112247	1528079699.119	1.3423458	63.45
761.33	674653	1504578863.965	1.1284764	34.54
1655.15	1201124	1513507423.369	1.378001	71.06
958.89	763746	1512363925.611	1.255509	42.33
718.88	629640	1527658499.21	1.1417317	33.06
1728.02	1255700	1518480266.879	1.3761408	73.8
1037.45	677318	1533683154.597	1.5317029	49.59
841.95	648248	1513152141.325	1.2988085	38.91
932.47	663856	1529039617.838	1.4046268	41.52
782.45	664272	1513041159.792	1.177906	35.6
1707.55	1398481	1520906209.069	1.2210034	76.64
1059.55	912864	1517209364.314	1.1606878	49.23
1922.43	1617206	1526716786.004	1.1887355	89.14
1696.37	1461724	1525484439.178	1.160527	73.5
802.21	712152	1505273331.702	1.1264589	34.14
2150.61	1636029	1503100735.198	1.3145306	92.28
1693.77	1389906	1525910145.549	1.218622	71.5
1081.4199	871484	1508491109.731	1.2408948	47.04
813.35	685060	1509958556.198	1.1872683	36.579998
837.47	700038	1516487989.005	1.1963207	38.12
1135.41	929020	1507070110.596	1.2221588	49.13
913.94	736086	1534142904.44	1.2416213	39.14
1458.78	1170788	1528674893.736	1.2459813	66.57
1022.19	774498	1508568381.758	1.3198097	44.18
1292.78	1137114	1510545926.795	1.1368957	63.72
2333.56	1835912	1496848859.766	1.2710631	100.51
1703.67	1317151	1536812672.944	1.2934508	75.37
773.14	656175	1515970439.987	1.1782526	33.41
789.78	692689	1527545942.273	1.1401653	34.62
1315.33	1080000	1521265140.727	1.2178981	58.26
1244.85	1010528	1511913030.549	1.2318807	54.22
1035.95	844992	1536028186.683	1.2259879	48.87
2009.61	1485679	1536892081.03	1.3526543	86.13
1284.09	1082108	1535077145.814	1.1866561	55.24
1232.34	1064104	1509168532.49	1.158101	53.12
1691.23	1329112	1521589641.957	1.272451	81.27
941.55	702595	1507220924.155	1.3401035	40.35
1123.44	966049	1522131294.427	1.1629224	49.01
1592.78	1210164	1502585698.959	1.3161688	66.96
865.74	668965	1524961710.339	1.2941484	38.44
805.09	673842	1497280486.658	1.1947757	35.46
2072.99	1507205	1504414499.758	1.3753868	89.69
1368.15	1105720	1511219251.625	1.2373384	60.66
1499.55	1254402	1502501968.969	1.1954303	64.03
876.77	670738	1531161336.29	1.3071722	38.47
1507.66	1147054	1526594383.406	1.3143758	64.95
1342.79	920560	1524611073.808	1.4586664	58.33
1771.12	1514817	1513953109.325	1.1691973	77.11
1623.0599	1273954	1506829601.43	1.2740333	72.28
958.31	745447	1500704854.039	1.2855508	41.99
1675.23	1364917	1500770404.903	1.2273493	72.67
837.48	684016	1514384175.121	1.2243572	35.91
1248.7	1060781	1493001356.964	1.1771516	53.46
1725.2	1266355	1508645086.692	1.3623352	72.75
1325.49	1052830	1521762377.801	1.2589781	57.01
1464.83	1058716	1521224183.083	1.383591	68.29
1252.61	981190	1520981496.231	1.2766232	53.6
3048.75	2504358	1523680377.217	1.2173778	132.23
1175.51	1044616	1513046531.502	1.1253035	49.72
969.2	758667	1507160918.482	1.2775038	41.21
863.27997	693382	1501642795.027	1.245028	36.05
975.54	745821	1524883145.688	1.3080082	42.39
1118.51	861511	1509769890.465	1.298312	48.67
876.38	709757	1495932402.534	1.2347608	36.71
978.83997	742940	1503972102.32	1.3175223	42.42
989.18	754084	1508224128.935	1.3117636	43.75
979.06	789351	1495564334.254	1.2403355	42.89
799.79	660454	1506030894.395	1.21097	34.05
1136.16	1208483	1496168058.49	0.9401539	57.18
938.79	700473	1505935911.822	1.340223	41.3
1509.46	1130175	1513856081.987	1.3355986	64.23
958.82	767606	1499400829.271	1.2491043	41.61
2802.67	2295831	1504500688.164	1.220765	119.24
1369.22	1141316	1512516217.135	1.1996853	62.86
961.89996	770313	1513037578.883	1.2487133	40.72
1016.04	788091	1502237020.212	1.2892419	44.12
1208.04	934476	1534650003.748	1.292746	55.03
890.05	784767	1532063378.091	1.1341583	38.22
995.93	723433	1508257160.098	1.3766721	42.68
1016.21	744152	1509067198.939	1.3655946	43.95
1101.55	961555	1516763231.349	1.1455923	49.19
1082.22	876375	1527286019.693	1.2348822	50.59
1451.2001	1082788	1510180517.489	1.340244	62.25
1702.36	1400259	1533156463.093	1.2157465	74.66
1101.35	762971	1492191718.216	1.4435017	47.579998
1664.39	1379884	1528607731.343	1.206181	73.73
2422.16	1867163	1520999775.026	1.2972409	105.75
851.23	671820	1508824305.365	1.2670506	37.6
1254.46	1094656	1520398199.369	1.1459855	54.809998
1138.88	903256	1505084290.982	1.2608607	50.79
855.79	691432	1528416931.549	1.2377065	38.35
899.07	682072	1536557380.89	1.3181454	38.3
813.76	664320	1507146683.589	1.2249519	36.72
2845.69	2203975	1524796702.932	1.2911625	121.32
733.11	634449	1493070915.119	1.1555066	31.36
1053.9	917698	1502334899.065	1.148417	46.62
1480.01	1154149	1529010909.119	1.2823387	63.72
982.68	758000	1492019355.195	1.2964116	42.42
1613.56	1528933	1518639293.911	1.0553503	69.16
1629.36	1247164	1519439754.197	1.306452	70.11
1275.41	1023824	1527410234.141	1.2457316	57.5
1004.69	680000	1509131709.869	1.4774853	45.72
896.07	694039	1494214495.144	1.2910945	41.2
714.54	700832	1502058215.868	1.0195596	34.46
1912.16	1586304	1509250024.704	1.2054185	82.229996
922.75	667136	1492241026.637	1.3831512	39.65
1878.46	1620442	1520968602.068	1.1592269	85.0
1583.42	1298828	1497117302.565	1.2191144	67.57
1415.47	1206737	1517456846.197	1.172973	62.12
827.57	695848	1523022422.353	1.189297	35.18
967.9	762793	1531332399.358	1.2688895	43.44
852.09	723806	1518917696.006	1.1772354	38.08
820.99	687035	1499488282.752	1.1949755	37.23
702.67	663074	1534396500.619	1.0597159	30.53
1571.17	1364628	1529320556.44	1.1513541	67.88
1000.37	1016736	1528087626.396	0.9839034	42.73
825.48	687723	1510297837.587	1.2003088	36.28
1335.5	1097195	1536721789.22	1.2171948	57.04
834.12	685082	1509602420.166	1.2175477	35.28
1093.6	807554	1507267521.64	1.3542129	50.11
1138.71	964879	1525569726.897	1.1801583	49.07
1687.12	1491078	1531599294.402	1.1314768	73.51
2148.09	1731631	1525565699.924	1.240501	97.82
866.86	669421	1507690274.083	1.2949399	36.77
917.86	731739	1495161676.269	1.2543544	40.3
1049.43	926715	1533101795.008	1.1324193	45.35
1591.22	1381162	1517463294.257	1.1520878	68.12
1990.54	1448417	1517982173.931	1.3742865	85.93
2648.8901	2198574	1531462076.385	1.2048218	116.46
1987.36	1543369	1492127371.843	1.2876765	87.68
1028.59	957993	1523600697.471	1.0736926	47.47
826.97	720577	1517983253.322	1.1476498	35.36
1662.0499	1442025	1521493200.805	1.1525806	73.409996
1005.56	788675	1511170296.233	1.2749991	43.63
754.18	666733	1536264524.576	1.1311575	32.32
1392.24	1060721	1502242262.486	1.3125412	59.45
798.45	666753	1501995297.647	1.1975199	34.11
1174.46	941650	1534654259.937	1.2472363	50.07
1441.14	1191986	1512344978.965	1.2090244	61.260002
870.96	792244	1527544499.8	1.0993582	37.76
983.69	709099	1500061240.495	1.3872393	43.05
885.06	704427	1522015546.693	1.2564254	42.23
1287.53	1094266	1496616696.226	1.1766151	55.32
1173.19	961718	1509843537.809	1.2198899	50.44
821.35	683078	1500678267.679	1.2024249	37.77
788.65	665613	1507450817.47	1.1848477	34.17
1012.41	895112	1495215797.21	1.1310427	44.05
2172.6199	1738794	1493083656.906	1.2494982	95.37
708.48	659780	1533589883.235	1.0738125	30.8
3710.3	2777414	1517965034.309	1.335883	159.77
1123.37	914450	1519258374.871	1.2284653	54.89
1091.61	836731	1536868905.656	1.3046128	47.64
1159.3099	899702	1527109246.114	1.2885488	50.329998
1473.92	1050734	1492740405.01	1.4027526	62.17
1504.76	1178025	1532496481.696	1.2773583	70.68
879.42	745744	1519425297.971	1.1792518	37.8
1041.84	845869	1507016818.477	1.23168	47.9
889.89	660442	1502910180.606	1.3474159	37.89
1229.41	1129358	1517030039.173	1.0885919	52.88
2160.44	1655653	1497365725.563	1.304887	96.47
704.54	652291	1526619354.071	1.0801007	33.72
1001.27997	757378	1515827340.474	1.3220348	43.31
1466.76	1266378	1509510453.644	1.1582325	62.62
2130.05	1612403	1505027943.777	1.3210407	91.46
1825.15	1524801	1508988142.566	1.1969758	77.86
1734.33	1323497	1512496652.517	1.3104148	74.97
946.95	729801	1508982738.271	1.2975456	42.89
1133.89	874936	1499202683.8	1.2959691	48.63
1004.08	784401	1510990904.343	1.2800596	49.149998
947.79	768931	1493746100.686	1.2326074	41.239998
1320.82	1083412	1536107527.424	1.2191299	56.38
1938.04	1366260	1500188584.552	1.4185002	82.46
961.6	725281	1507876984.321	1.3258309	41.89
1160.97	892233	1495689016.717	1.301196	53.14
1693.22	1289161	1518030176.688	1.3134279	71.95
2009.05	1492782	1510723063.11	1.3458428	91.4
1592.27	1265502	1523587526.588	1.2582122	68.42
1005.83	803753	1517298461.243	1.2514168	46.86
1103.07	901786	1508999700.98	1.2232059	47.19
1619.33	1267310	1536696561.124	1.2777693	69.53
1542.57	1201911	1533254344.75	1.2834312	67.64
2765.7	2068493	1516068187.05	1.3370605	117.41
1027.52	772981	1495128717.634	1.3292953	44.48
970.49	730637	1534888574.716	1.3282794	41.19
1108.2	907758	1505333739.687	1.22081	48.02
2407.06	1782881	1524861685.461	1.3500956	102.96
1567.16	1267245	1507266360.419	1.2366669	67.19
1946.4401	1533123	1529973063.119	1.2695915	83.13
729.59	647723	1507665018.889	1.126392	32.85
962.44	794246	1525380791.391	1.2117655	45.36
2135.26	1648835	1520660822.711	1.2950113	92.42
819.17	647455	1531025653.855	1.2652154	34.54
1709.9	1270912	1518485758.503	1.3454118	75.7
2258.33	1669462	1518479697.982	1.3527291	97.840004
748.11	661009	1521232802.967	1.1317698	35.05
1612.0	1214242	1509763511.048	1.3275772	69.8
989.75	814080	1514106177.626	1.2157896	42.56
975.73	816880	1495411845.447	1.1944593	45.77
758.48	687835	1535680498.233	1.1027063	33.11
982.85004	780792	1526964384.664	1.258786	41.93
1620.99	1254657	1495592821.211	1.2919786	69.07
1928.41	1653287	1512988008.992	1.1664096	86.29
1279.91	1089372	1525835695.472	1.1749063	54.13
941.97	687220	1493500590.325	1.3706963	41.06
1880.51	1483819	1497027752.705	1.2673446	80.5
1578.95	1333304	1491884404.399	1.1842386	67.53
2490.62	2048521	1525497816.936	1.2158138	112.93
1040.54	801657	1496332434.276	1.2979865	52.66
1219.08	988905	1505278078.33	1.2327574	52.5
1495.83	1228854	1536303883.608	1.2172562	66.1
1006.11	747499	1505100954.042	1.3459684	43.2
849.1	719785	1492999524.465	1.1796578	37.42
737.79	673864	1506581708.39	1.0948647	32.04
1397.11	1054918	1510794896.259	1.3243779	61.2
1450.84	1163560	1501554647.571	1.2468975	64.52
1234.62	959378	1512519494.359	1.2868963	57.01
1815.74	1405235	1524117577.082	1.2921255	84.85
1002.17	705481	1493316539.118	1.4205486	43.010002
906.54	681293	1531935879.376	1.330617	40.54
1718.64	1407137	1517946893.337	1.2213736	75.52
1717.04	1234170	1510688551.398	1.3912508	74.24
2418.61	2021007	1532559238.449	1.196735	106.0
923.45	740140	1528830899.943	1.2476692	39.65
1692.5	1382954	1532315380.919	1.2238296	74.77
852.3	665322	1531245084.492	1.281034	38.28
1880.73	1509849	1519964938.447	1.2456411	85.93
1552.8	1151794	1525302645.052	1.3481576	67.840004
1892.85	1415607	1534805373.088	1.3371296	86.14
906.03	699214	1520637215.945	1.2957835	41.010002
981.61	780000	1535851463.764	1.2584742	42.29
1147.59	964016	1536109726.524	1.1904263	52.61
1420.61	1215017	1511753639.017	1.1692101	62.78
1061.41	785166	1526601296.444	1.3518289	44.97
1405.78	1131252	1526695941.24	1.2426764	62.34
907.53	697504	1524698917.413	1.3011109	38.98
1134.36	912099	1523561350.614	1.2436808	53.89
1028.15	725638	1495475797.9	1.416891	44.11
892.23	680764	1525906515.189	1.3106304	39.11
1301.83	1075244	1510039966.851	1.2107298	57.63
1072.67	970277	1520299428.081	1.1055297	50.39
2535.34	1990127	1509398300.115	1.273959	110.22
878.3	695834	1492400098.12	1.2622265	37.81
1271.24	1063601	1533436619.1	1.1952227	54.64
1197.74	911647	1525233773.71	1.3138199	51.94
1362.79	1089461	1514442810.659	1.2508847	58.79
1016.74	744752	1494572370.309	1.3652061	44.19
998.4	763847	1494186769.083	1.307068	45.5
1023.29	824221	1492709090.439	1.2415239	45.26
812.95	666387	1495649112.473	1.2199368	34.43
1196.41	866597	1495926277.428	1.380584	51.3
1687.87	1455425	1508555697.851	1.1597095	72.55
1832.35	1484859	1510372495.964	1.2340229	86.26
1544.89	1140000	1510609383.235	1.3551667	65.99
1387.49	1205089	1516776942.429	1.151359	65.68
775.63	653542	1505614938.058	1.1868097	33.16
1254.08	913913	1501995296.607	1.3722093	52.84
1500.01	1288056	1510783492.517	1.1645535	65.04
1086.43	872568	1533356889.512	1.2450949	54.48
772.79	665522	1503115538.05	1.1611788	33.079998
1196.65	943693	1501043697.478	1.2680501	51.07
1633.09	1233563	1526941805.838	1.3238804	74.46
1844.01	1231178	1521757132.73	1.4977607	79.68
1439.72	940363	1501964956.08	1.5310258	63.44
987.91	757879	1507932022.287	1.3035194	43.670002
758.76	641015	1534235700.139	1.1836852	31.3
1704.28	1488185	1514743277.77	1.1452072	76.99
866.13	628982	1517006221.837	1.3770347	37.91
1091.54	876564	1511398149.842	1.2452484	49.09
1385.33	1035866	1513773895.677	1.3373641	59.149998
1061.18	866053	1532382896.07	1.2253062	52.56
1643.72	1363514	1517285689.818	1.205503	71.74
1662.01	1205390	1510973090.537	1.3788153	71.44
920.56	856485	1497029741.487	1.0748116	40.31
1004.98	765561	1521231845.728	1.3127366	46.26
1014.76	839900	1496091294.208	1.2081915	44.04
1026.35	748710	1514034586.218	1.3708243	43.39
1176.65	965011	1508392544.665	1.2193124	50.22
1062.79	865017	1508887001.186	1.2286348	46.98
822.5	671857	1493538382.811	1.2242188	36.07
1007.54	707997	1505330405.734	1.4230851	43.12
864.4	714810	1501457692.649	1.2092725	37.05
831.3	720648	1507166485.056	1.153545	34.93
947.04	678007	1504059828.472	1.3967997	40.89
1016.02997	749699	1495777802.552	1.3552505	44.64
1633.41	1239501	1519843724.153	1.3177965	70.29
1143.69	894005	1500869057.451	1.2792882	51.82
1000.26	791296	1499043293.762	1.2640783	45.44
1142.5599	958930	1528401205.083	1.1914947	48.71
1610.67	1285225	1516668752.233	1.2532202	69.95
2316.34	1868834	1532143779.028	1.2394574	100.45
2755.34	2172260	1536105360.406	1.2684208	118.52
1515.95	1245822	1511322444.937	1.2168272	65.7
1071.9401	777916	1506632627.024	1.3779638	46.079998
994.76	738329	1535953188.788	1.3473127	45.78
1411.7999	1156661	1502609034.279	1.2205822	62.34
944.37	727487	1508495997.475	1.2981262	42.09
752.45	659867	1532065870.756	1.1403056	33.82
789.16003	664570	1502430976.674	1.1874746	34.56
933.87	760510	1532109670.085	1.2279522	41.73
1629.1	1268425	1520569418.783	1.2843487	70.96
1119.83	883290	1520062495.939	1.2677941	51.39
770.18	655267	1508381693.691	1.1753682	33.06
694.68	632379	1502517865.644	1.0985184	30.25
1496.13	1187175	1523945435.966	1.2602439	65.57
1007.35	787964	1494143403.337	1.2784214	46.38
1650.38	1333954	1531542222.869	1.2372091	69.28
1038.89	777905	1495842882.028	1.3354973	48.77
855.92	684495	1504294719.321	1.2504401	38.53
1394.13	1080830	1536796742.43	1.2898698	60.44
1523.07	1139144	1519353288.51	1.3370302	65.75
996.33	792134	1502948747.957	1.2577796	43.32
872.66	727454	1534736665.08	1.1996086	43.11
1017.43	817704	1535062761.565	1.2442521	43.63
3812.8	3071995	1496786465.811	1.2411479	167.3
1113.59	866585	1512958495.016	1.2850326	48.73
996.02997	753199	1508522152.406	1.3223995	43.1
1903.56	1557763	1505959382.478	1.2219831	83.34
1719.49	1382944	1525898686.677	1.2433548	74.75
1686.21	1458395	1535681573.909	1.1562095	72.09
1385.01	1084749	1513208778.503	1.2768022	66.19
1179.22	917405	1492142924.079	1.2853864	50.21
750.68	658813	1519185298.657	1.1394433	32.61
834.45	691694	1513134224.483	1.2063861	36.68
1000.41003	753907	1501281284.969	1.3269674	43.44
1504.27	1088379	1519418794.883	1.3821197	64.91
716.27997	669888	1496273171.446	1.0692533	35.73
1228.4	927391	1509936894.38	1.3245761	54.8
1908.4501	1563908	1501553022.205	1.2203084	82.51
2042.35	1743858	1535791782.047	1.1711675	87.56
946.3	671124	1502856477.929	1.4100225	41.92
847.71	631120	1514116606.499	1.3431835	37.49
940.13	755757	1502255892.457	1.2439581	40.73
1770.38	1414534	1495841052.301	1.2515641	76.340004
823.5	659181	1513222150.797	1.2492776	35.65
1061.88	941942	1533686125.812	1.1273305	45.49
957.58997	832557	1526704195.658	1.1501794	42.01
4262.53	3470784	1502330378.046	1.2281172	192.35
1933.87	1429496	1536564315.167	1.3528334	87.24
1002.19	749877	1492668327.676	1.3364726	46.07
1006.86	770513	1500438674.169	1.3067398	43.06
1221.79	977455	1499070063.245	1.2499706	53.32
1823.01	1487950	1516945587.501	1.2251823	83.55
1402.02	1188240	1516418833.909	1.1799132	61.05
1159.87	941400	1513117481.512	1.2320693	49.64
839.04	665167	1507261597.686	1.2613975	35.77
806.34	681846	1518651156.99	1.1825837	35.8
1125.85	866197	1495160640.624	1.2997621	49.94
1482.91	1214274	1506224141.626	1.2212317	63.7
1117.04	876928	1508803647.013	1.2738104	47.93
830.23	670466	1530527053.136	1.2382879	34.3
1265.1799	1014540	1527404050.207	1.2470478	55.4
2161.89	1931794	1496152481.437	1.11911	98.31
681.99	655773	1502064481.155	1.0399787	40.03
1713.73	1293109	1525820997.781	1.3252789	73.5
986.3	905059	1519425901.291	1.0897633	49.03
2794.88	2133555	1522959295.347	1.309964	117.26
2324.1301	1868535	1493345510.731	1.2438247	103.96
1751.66	1314034	1536448107.318	1.3330401	78.46
1474.85	1206081	1527913045.092	1.222845	63.3
967.62	744130	1492909654.202	1.3003373	41.72
929.01	690675	1492891970.604	1.3450756	40.4
1092.21	845391	1496767533.062	1.2919585	47.8
3193.86	2416139	1524356366.02	1.3218858	138.94
1006.76	750873	1500786361.659	1.340786	43.38
1141.35	913323	1528854200.929	1.2496674	50.579998
2287.02	1874740	1492568100.857	1.2199132	99.82
982.58	681160	1502038497.492	1.4425099	42.27
743.51	687616	1531345529.581	1.0812867	31.77
1004.02997	841959	1494006784.989	1.1924928	43.66
822.49	691932	1526981056.963	1.1886861	37.89
1453.95	1064598	1525198499.304	1.3657267	63.36
714.41	676335	1533185698.337	1.056296	31.46
1903.9401	1612960	1515241028.861	1.1804012	83.2
2131.95	1538952	1536548848.448	1.3853258	90.09
1227.35	1032052	1499305695.219	1.1892327	53.59
1190.54	986622	1500749703.992	1.206683	57.19
1590.27	1353019	1526707057.296	1.1753492	68.61
973.54	732537	1492299458.551	1.3289979	45.7
1133.28	774509	1513044900.511	1.4632239	47.8
1029.35	749665	1504640704.723	1.37308	44.09
1174.58	1027619	1520372031.816	1.1430111	55.84
861.95	709345	1534731319.166	1.2151351	37.61
909.48	660817	1525738295.869	1.3762963	39.58
1724.98	1400108	1534726500.604	1.2320336	74.15
1525.83	1222941	1525413299.241	1.2476727	65.68
1073.76	843557	1505368815.258	1.2728957	47.34
1374.93	1151180	1492231857.807	1.1943657	60.39
1144.01	966040	1506578131.084	1.1842262	51.0
1012.29004	834927	1519085058.348	1.2124293	43.21
1135.14	930640	1531882173.675	1.2197412	57.62
1088.02	832885	1503036320.587	1.3063267	50.82
774.76	702050	1520018100.001	1.1035681	34.61
1652.2	1394777	1520410500.95	1.1845622	71.48
1367.09	1215002	1528950939.153	1.1251751	59.95
977.77	768099	1500659516.349	1.2729739	42.45
794.47003	653528	1503027299.22	1.2156634	36.41
1732.81	1396660	1517904119.262	1.2406814	80.08
945.83	668145	1527464745.495	1.4156059	44.05
1110.78	1124804	1504311257.713	0.9875321	47.329998
2198.93	1642936	1496847299.706	1.3384149	95.2
964.2	689313	1492142100.188	1.398784	40.91
1222.3099	947804	1525502095.609	1.2896233	53.46
841.2	661495	1526869835.108	1.2716649	36.05
961.45	715229	1527719525.065	1.3442549	42.66
997.9	836646	1492796956.375	1.1927385	42.78
1958.57	1878787	1496523473.302	1.0424651	100.45
984.36	842351	1509231343.531	1.1685866	48.48
1366.8	1092792	1494465955.199	1.2507412	57.89
885.83	786165	1519772852.913	1.1267736	41.5
861.77	662405	1507349561.767	1.3009715	37.87
1824.07	1233431	1516822486.023	1.4788585	83.75
1141.41	1027797	1530182828.812	1.1105403	49.04
1111.19	845690	1531972493.415	1.3139448	56.46
1684.3301	1233340	1510082653.766	1.3656656	72.14
1871.98	1548529	1518755301.413	1.2088763	83.84
1474.35	1174410	1508734558.457	1.2553964	63.37
762.13	670642	1514748893.169	1.1364186	32.72
1285.7	945995	1510135195.878	1.3590981	55.79
1009.74005	741078	1504728042.751	1.3625286	43.88
880.91	790812	1517213329.766	1.113931	38.36
1200.2	959374	1531720781.313	1.2510241	51.59
1437.81	1150346	1534982537.17	1.2498935	62.32
1814.78	1407940	1500765072.316	1.2889612	77.94
878.37	746045	1496011205.454	1.1773688	43.420002
1237.9	1108216	1519255767.634	1.1170205	59.36
1811.96	1348258	1520451076.23	1.3439268	78.77
1048.1	781740	1524604787.41	1.3407271	44.25
1271.21	1034198	1502514584.494	1.2291746	54.170002
821.64	669915	1533006875.445	1.226484	35.46
1194.4	894288	1508271973.678	1.3355877	51.9
1134.03	889071	1520738044.343	1.2755225	52.03
1131.95	810431	1528171254.135	1.3967259	49.16
1540.23	1153427	1522173365.211	1.335351	66.89
882.28	844039	1526016128.295	1.0453072	42.83
1021.77	928393	1518125240.796	1.1005791	48.51
1102.61	903967	1516585998.865	1.2197459	48.59
1138.05	979980	1513940746.571	1.1612991	48.94
1022.67	794604	1527981769.527	1.2870185	50.07
1092.9	876029	1508630198.237	1.2475615	49.989998
995.3	786970	1491933598.321	1.2647243	43.39
1102.51	879555	1501619371.036	1.2534862	50.74
894.25	693472	1496770367.322	1.2895257	39.51
982.99	782232	1535689650.572	1.2566477	53.45
1015.07	757002	1494352371.585	1.3409079	43.5
935.58	690072	1492052512.873	1.3557717	39.91
1773.82	1360880	1529234127.449	1.303436	77.7
950.44	704829	1494091429.456	1.3484688	41.52
1271.05	1002297	1502500243.156	1.2681372	54.08
991.01996	726762	1505158571.808	1.36361	42.79
894.6	692882	1521863697.813	1.2911289	39.0
821.81	714601	1506125066.899	1.1500263	39.23
1020.51	804002	1516338864.285	1.269288	45.31
1093.1	962563	1534819937.39	1.1356139	47.68
862.87	700817	1509412843.864	1.2312344	37.53
1664.85	1276333	1512352360.812	1.3044009	71.42
1081.02	1021183	1506292500.188	1.0585958	46.31
1149.57	1023903	1510378270.265	1.1227334	51.24
2637.91	1834782	1527800125.48	1.4377239	110.04
992.77	903947	1506213431.889	1.0982612	43.48
841.57	699401	1535157733.958	1.2032725	38.03
785.71	707099	1534644897.148	1.111174	33.9
992.53	718079	1505257532.318	1.3822016	42.88
729.33	650225	1506667864.264	1.121658	33.3
927.96	722607	1526435673.83	1.2841835	39.02
1716.03	1431616	1513052819.371	1.1986663	73.05
1081.71	842420	1492913630.282	1.2840507	48.48
775.61	690462	1530258392.379	1.1233203	33.28
893.45	678962	1498855406.697	1.3159058	38.8
794.39	689160	1525831392.133	1.1526932	34.71
1002.26	821363	1503820403.399	1.2202401	43.829998
1426.05	1033154	1527117519.746	1.380288	60.47
727.63	664571	1505246171.451	1.0948868	32.54
1343.26	1082510	1536193203.277	1.2408754	57.5
1261.3201	1023821	1501356531.496	1.2319732	55.61
1606.88	1217549	1491952426.403	1.3197662	69.35
3308.28	2703401	1494999542.758	1.2237474	145.58
982.36	910817	1528606498.173	1.0785482	42.11
1192.71	1147945	1529822511.851	1.0389957	51.96
1227.02	958133	1507174305.897	1.2806364	55.86
962.44	731044	1493874948.589	1.3165282	43.3
884.72	688148	1493502508.735	1.2856536	40.43
3085.14	2134342	1494052915.145	1.4454759	135.79
1164.64	887284	1508649340.707	1.3125899	49.61
992.11	739054	1499825718.349	1.3424052	42.98
1018.55	775716	1512788878.151	1.313045	44.78
940.63	690462	1502160811.725	1.3623197	40.78
992.75	733184	1492623737.366	1.3540257	43.22
975.89	707557	1493055257.4	1.3792388	42.15
1113.75	880236	1494488218.434	1.2652856	49.42
1745.49	1428795	1510817279.084	1.2216518	78.87
1081.14	943990	1506133470.901	1.1452875	47.52
1660.9	1329078	1524691858.38	1.2496634	77.3
1075.27	823744	1531793448.278	1.3053449	54.59
1978.96	1672401	1511570129.854	1.1833049	89.27
1710.36	1253261	1521509400.069	1.3647276	73.1
940.44	662483	1505838472.333	1.4195684	40.36
1056.7	901181	1496502885.966	1.1725724	52.79
896.5	769531	1531347299.202	1.1649952	38.49
775.84	637414	1493660472.229	1.2171682	33.27
909.2	676644	1492223294.916	1.3436903	38.72
902.25	819160	1529823968.054	1.1014332	50.84
1342.93	1132263	1527138363.145	1.1860584	64.34
1529.28	1263773	1535005266.026	1.2100908	68.34
1458.17	1159441	1504157700.782	1.2576492	62.079998
1058.81	790863	1495093042.915	1.3388033	48.65
1922.5599	1464579	1510651232.054	1.3127049	84.89
1320.29	1146895	1531550403.776	1.1511865	61.92
782.29	654325	1514746233.58	1.1955681	32.99
1568.6	1341928	1531705196.667	1.1689152	67.14
1229.47	967411	1496681687.058	1.2708869	54.59
1162.86	852679	1508791765.219	1.3637723	55.5
1012.78	782227	1505101367.318	1.2947394	43.48
1974.6	1921155	1536209771.211	1.0278192	90.34
804.45	723485	1528935297.971	1.1119096	35.4
1788.93	1439126	1503706864.851	1.2430669	77.15
2012.11	1481185	1510264875.338	1.3584461	85.58
1557.45	1178052	1509567410.095	1.3220553	67.52
817.79	645151	1507260899.229	1.2675948	36.03
1070.93	755018	1521506376.4	1.4184165	45.75
1445.45	1117298	1513633275.313	1.2937014	62.079998
814.57	665914	1523387152.638	1.2232361	35.08
1061.38	889507	1532067132.288	1.1932228	54.61
947.86	671510	1520322341.389	1.4115353	41.2
847.77	767561	1521761436.322	1.1044985	37.29
1997.64	1719226	1503811493.926	1.1619414	86.74
1682.09	1323363	1510864488.383	1.2710721	72.18
1591.99	1185016	1509654478.863	1.3434333	67.57
836.23	732980	1532306431.229	1.1408633	35.9
1125.59	941428	1492135562.507	1.1956198	48.64
1146.48	827550	1522960496.608	1.3853906	47.96
998.94	702782	1493921192.801	1.4214082	43.19
913.44	903532	1532998389.543	1.0109658	45.82
764.82	665090	1523111694.757	1.1499497	32.41
749.06	653646	1535346814.302	1.1459719	37.88
2642.46	2158000	1523639410.477	1.2244949	112.87
1087.55	959199	1509308003.341	1.1338105	54.83
1040.25	904172	1505610901.204	1.1505	44.28
1045.48	897312	1535854478.161	1.1651244	44.51
983.66003	784964	1507917924.671	1.2531276	42.72
893.83997	859236	1525405084.145	1.040273	42.3
1705.49	1263192	1518569148.507	1.3501431	73.35
970.17	773446	1506303312.783	1.2543474	44.88
1270.98	905831	1495076105.9	1.4031094	53.21
995.76	698067	1492655617.15	1.4264534	43.9
875.12	741857	1518154495.445	1.1796343	37.83
924.77	657273	1499468211.684	1.4069802	39.37
1171.12	901981	1526694362.431	1.2983865	50.8
903.37	743575	1507067700.21	1.214901	39.61
1284.52	840090	1500705815.096	1.5290267	56.07
1007.76	836493	1507229648.023	1.2047441	43.99
1409.74	1076000	1506638596.658	1.3101673	63.1
1172.92	840000	1528401200.655	1.3963335	49.670002
730.39	664576	1508972261.217	1.0990316	39.86
868.45	665697	1534727698.023	1.3045726	37.24
910.11	661061	1508305777.586	1.3767413	39.72
1196.03	929522	1517988345.791	1.286715	55.48
1194.91	679473	1527621307.201	1.7585835	47.54
916.61	728673	1506106292.248	1.2579168	40.7
971.42	800168	1529897707.704	1.21402	41.87
1503.57	1142295	1517881830.158	1.3162712	63.98
1806.71	1436108	1527400499.553	1.25806	79.33
808.24	670237	1505532520.351	1.2059019	35.44
974.57	714045	1499720523.007	1.364858	41.47
1589.74	1272174	1517623870.597	1.2496246	74.0
1834.63	1558958	1504847192.619	1.1768309	78.77
1261.97	1001944	1496758885.728	1.2595215	55.45
1071.08	905260	1501305722.654	1.183174	46.42
2062.19	1639216	1536898606.369	1.2580342	92.5
1696.1799	1364622	1526613861.637	1.2429669	74.29
1274.57	1023074	1529825901.643	1.2458239	56.2
949.39	843998	1528487603.843	1.1248723	46.94
1141.64	937664	1506993895.345	1.2175362	50.01
1023.79	785957	1495254724.314	1.3026031	44.4
971.71	705853	1507048496.418	1.3766463	41.94
1114.21	835523	1517551308.634	1.333548	48.61
1087.0	924634	1504315247.428	1.1756003	48.69
1304.9401	1092429	1492473491.714	1.1945307	56.79
918.86	769934	1525832330.484	1.193427	41.57
976.8	771462	1506367192.428	1.2661674	42.31
1269.4	1033582	1535087944.861	1.2281561	60.61
1075.5	828632	1492404253.71	1.2979224	49.69
1006.35	775180	1505799287.884	1.2982147	44.45
976.20996	765986	1492977158.947	1.2744489	41.64
1967.34	1456124	1519866047.731	1.35108	84.14
1625.76	1146498	1524172495.63	1.4180226	68.87
1590.43	1712588	1492310627.147	0.9286705	68.42
888.82	798070	1499739029.753	1.1137118	39.1
1173.86	918189	1509007136.779	1.2784514	51.69
1118.3	865778	1508534549.116	1.2916706	48.19
1087.62	810977	1504560767.282	1.3411231	50.56
1488.73	1147167	1512685061.912	1.2977449	64.87
2188.25	1397638	1501916095.341	1.5656772	91.520004
822.08	631923	1497296100.092	1.300918	37.53
970.53	783200	1503021809.688	1.2391853	41.51
951.59	691880	1500077179.907	1.3753685	39.64
974.39	745766	1493013961.103	1.3065627	45.61
2403.51	1900701	1507614897.013	1.2645388	102.73
1187.9401	1077918	1519381191.35	1.102069	53.44
777.03	631827	1512814585.539	1.2298145	37.62
1116.09	847019	1523401687.635	1.3176682	48.64
1423.0599	989961	1525652106.635	1.4374909	60.54
1680.63	1287840	1520649830.865	1.304999	77.75
1540.44	1111848	1512377129.311	1.3854772	65.77
1469.62	1076110	1503102368.072	1.3656782	61.06
1662.8201	1348034	1522192380.23	1.2335149	74.8
1121.65	874900	1509958544.682	1.2820323	48.59
936.38	728631	1509583338.307	1.2851224	40.73
781.28	710237	1509603708.282	1.1000272	38.09
1376.21	1019358	1533959676.881	1.3500752	61.19
1121.13	1034707	1508441348.472	1.0835241	49.66
814.39996	663083	1536884497.974	1.2282022	34.76
941.33997	690445	1498875414.108	1.3633815	41.57
2040.68	1633302	1528940496.946	1.2494199	94.48
866.72003	706302	1495428974.828	1.2271239	37.3
1771.48	1255208	1502082104.616	1.411304	77.14
931.74	704508	1534830174.111	1.32254	40.02
1417.15	1216982	1501030957.612	1.164479	60.7
2117.74	1687967	1516851837.376	1.2546098	92.05
977.85	720994	1499478575.815	1.3562526	41.74
1007.1	720580	1500607520.652	1.3976241	43.63
966.88	721679	1492748145.398	1.3397646	44.7
1033.39	848248	1507013176.33	1.218264	45.84
1085.08	885124	1505375025.368	1.2259072	49.18
2497.71	1994694	1523995207.313	1.252177	107.5
1357.33	1145309	1528432787.869	1.1851213	59.69
968.61	725622	1504651866.804	1.3348686	41.829998
935.5	697132	1506309805.847	1.3419267	39.47
822.95	664545	1512894552.424	1.2383661	35.22
929.03	660000	1492535161.542	1.4076211	40.14
1531.66	1206560	1523987756.36	1.2694436	66.85
917.89	719833	1502767775.397	1.2751429	38.99
1148.16	957821	1518982318.706	1.1987208	49.29
765.37	649650	1527539700.185	1.1781268	32.74
1525.33	1243261	1519021259.118	1.2268783	66.340004
1088.33	1044009	1495428854.909	1.0424527	46.39
1023.05	664719	1518213984.568	1.5390714	43.4
790.26	729839	1495404299.422	1.0827868	35.09
1069.64	915795	1525839102.434	1.1679906	50.7
964.57	749366	1493143463.264	1.2871814	43.57
1264.32	1089225	1502832407.493	1.1607518	53.07
1304.23	1090495	1496679292.837	1.1959981	56.29
2860.07	2281130	1501048293.692	1.2537951	120.8
1001.36	720057	1495851387.891	1.3906676	43.61
822.69	634775	1521147038.639	1.296034	34.9
1173.49	939068	1524367050.662	1.2496326	51.49
1304.22	994399	1502770498.894	1.311566	55.33
1601.67	1268320	1521068751.986	1.262828	70.15
812.94	673227	1504421407.103	1.2075273	34.9
1764.64	1566126	1516515425.329	1.1267549	81.06
3911.11	1866059	1527634773.634	2.0959198	204.86
1083.33	832946	1534831831.263	1.3006004	55.16
681.82	662181	1530850499.456	1.0296581	33.43
718.04	668368	1501377704.008	1.0743184	30.69
1311.99	1159241	1509688473.893	1.1317663	57.97
1898.94	1586303	1520305251.358	1.1970853	82.85
1145.99	1043332	1495930029.361	1.0983944	53.36
1742.5	1385445	1536598746.703	1.2577187	82.29
1800.28	1406125	1501788451.553	1.2803129	77.33
1234.35	924774	1513206778.678	1.3347585	55.09
938.41003	861830	1499735685.748	1.0888574	42.489998
930.57	722225	1529092752.103	1.2884766	42.75
954.55	730349	1506126196.115	1.306978	41.65
952.3	807041	1516433699.485	1.1799896	42.66
1700.14	1448831	1523655739.389	1.1734563	76.21
1303.5	1204844	1504498500.228	1.0818828	55.39
971.77	798911	1532058341.959	1.2163683	40.92
1012.35	785502	1509070970.287	1.2887937	45.77
1048.99	842728	1510443219.143	1.2447551	46.71
1065.2	918445	1494569297.198	1.1597863	46.69
1056.65	860977	1513867040.69	1.2272685	46.55
1039.16	791354	1508308549.889	1.3131418	47.73
1652.78	1298794	1503128949.84	1.2725497	70.01
978.18	715223	1507752263.833	1.3676573	42.29
759.51	669594	1529894702.989	1.1342844	32.11
1783.47	1361723	1521073595.25	1.3097157	78.08
1235.09	944647	1520819622.607	1.3074619	52.0
1770.51	1476408	1524819482.612	1.1992011	79.98
1136.79	867375	1516049682.949	1.3106096	55.24
936.66003	679975	1525124449.792	1.3774918	42.2
1597.65	1276970	1519004631.062	1.2511258	73.65
1037.76	763650	1529900097.681	1.3589472	46.53
858.96	687355	1529903698.662	1.24966	38.72
2332.86	1569936	1527640227.424	1.4859587	98.04
725.89	676748	1509566098.059	1.0726149	35.41
1748.77	1401233	1525217372.094	1.2480223	77.86
1375.24	1002749	1536800739.666	1.3714699	56.97
1621.19	1272476	1509578926.568	1.2740438	74.71
2723.04	2042800	1536307995.942	1.3329939	115.87
853.8	692694	1523758501.16	1.232579	37.38
1289.94	731525	1499561712.534	1.7633573	57.86
881.37	676488	1513673510.59	1.3028612	38.6
840.39	650272	1503047932.059	1.2923669	38.68
1594.99	1225091	1533273297.233	1.3019359	66.83
1002.44	844691	1501803811.052	1.1867535	43.57
887.24	719990	1532832769.393	1.2322949	38.16
2061.81	1591933	1500774136.507	1.2951612	89.02
1276.56	1026747	1501380812.784	1.2433054	57.89
1650.84	1209457	1521528952.094	1.364943	75.15
1192.67	924982	1525989384.319	1.2893981	51.45
1152.89	955998	1499310743.985	1.2059544	51.99
1496.16	1175384	1509492900.328	1.2729117	65.78
859.94	720067	1513223264.74	1.19425	36.88
1290.23	911493	1528088056.877	1.4155128	55.68
1145.5	905120	1495081551.55	1.265578	49.19
1497.42	1366748	1495340000.834	1.0956079	64.46
721.61	682311	1511573696.054	1.0575968	32.29
826.78	701363	1509759883.205	1.178819	36.78
992.6	779706	1507775043.105	1.2730439	43.63
1756.95	1374000	1519856161.084	1.2787119	77.36
1634.3201	1336404	1516841214.286	1.2229236	72.03
1009.81	805904	1524262627.345	1.2530152	48.3
1044.62	837058	1502260291.988	1.247966	46.48
979.51	790001	1516395787.409	1.2398846	43.2
881.68	651301	1524774919.375	1.3537213	40.85
1916.87	1470408	1519364094.457	1.3036313	82.58
925.76	691760	1499492372.758	1.3382676	40.23
1635.14	1388532	1492237868.091	1.1776034	69.3
1139.93	844893	1505007081.458	1.3492005	48.07
775.64	671026	1519249270.261	1.1559014	33.32
1573.35	1203089	1536191760.952	1.3077587	67.56
1015.68	769000	1518761362.98	1.3207803	43.82
937.55	774562	1506898497.037	1.210426	40.72
1579.23	1275360	1504407284.379	1.2382622	68.17
1006.13	916729	1517535450.921	1.0975217	43.2
2243.46	1712106	1528237171.272	1.3103511	97.19
1257.68	984032	1494138879.398	1.2780886	53.98
915.48	734759	1533008866.979	1.2459596	43.06
1232.75	1019115	1509260889.447	1.209628	53.55
1527.91	1215088	1501038899.013	1.2574481	64.89
1049.22	955345	1526678610.809	1.0982629	47.01
947.24	716716	1495937293.204	1.3216393	43.91
968.06	677400	1492290882.272	1.4290818	41.72
743.51	689746	1528860888.918	1.0779475	32.09
1082.33	761120	1524675484.198	1.4220228	47.39
1818.09	1370229	1512376499.026	1.3268511	77.92
893.26	689790	1524888317.815	1.2949739	38.17
902.20996	674441	1505418798.803	1.3377153	38.57
1597.0499	1269135	1512717200.525	1.2583767	68.1
948.98	689625	1528310730.56	1.3760811	40.99
1047.48	685001	1521491404.429	1.5291656	50.46
941.55	750478	1509508866.611	1.2546004	41.45
1691.98	1267254	1519450792.01	1.3351547	72.9
1603.73	1281711	1528331000.727	1.2512414	70.03
2218.06	1301650	1501908896.66	1.7040372	113.96
944.62	723672	1494224173.2	1.305315	44.27
1100.68	923551	1527478250.11	1.1917913	47.8
1457.81	1030376	1528524513.919	1.4148331	65.79
813.06	712787	1513771500.606	1.1406773	35.61
926.11	711663	1505415650.519	1.3013322	39.55
832.0	714314	1503182640.772	1.1647538	35.51
1942.41	1689612	1518653893.619	1.149619	87.47
1045.5	874003	1523509898.296	1.1962202	46.08
943.62	674404	1509045798.208	1.3991909	41.059998
741.55	655707	1505505596.168	1.1309167	32.39
1326.65	1043368	1520669635.639	1.2715071	56.93
1490.56	1141644	1528928478.956	1.3056259	64.21
786.63	691986	1507864495.231	1.1367716	37.05
978.98	707889	1494439324.942	1.382957	42.67
968.35	767669	1494055775.996	1.261416	46.52
1403.23	1201041	1516766251.826	1.1683449	62.36
1344.77	1142655	1510446901.051	1.1768819	57.8
1789.63	1456168	1507344697.91	1.2289997	77.26
956.54	784274	1516693837.494	1.2196501	41.47
942.60004	866640	1511072136.998	1.0876489	39.7
1083.66	847543	1534634590.01	1.27859	49.42
1593.48	1320350	1523110497.085	1.2068619	67.69
767.65	680674	1497110101.435	1.1277792	33.24
772.99	715496	1495839579.08	1.0803554	33.29
932.74	667672	1492982899.497	1.3970033	40.32
972.94	727878	1516065300.039	1.3366799	42.45
1037.96	802550	1499140204.136	1.2933275	44.67
1011.10004	683540	1500746159.226	1.4792112	42.16
2744.34	2162450	1514811373.57	1.2690883	116.87
913.32	656511	1492830316.654	1.3911724	41.35
1333.28	1068029	1519890437.888	1.2483556	58.65
1528.48	1099296	1513462505.67	1.3904172	64.48
906.46	758000	1525051565.687	1.1958575	39.44
1011.12	787866	1495734975.746	1.2833655	43.67
1487.97	1083247	1521178875.335	1.3736204	64.35
882.89	737762	1532152221.182	1.1967139	40.66
1860.04	1514985	1510700543.365	1.2277614	85.409996
878.73	645536	1527717420.365	1.3612407	37.78
838.3	681832	1521572764.904	1.2294817	36.36
1457.25	1121320	1497276871.888	1.2995844	63.21
2200.95	1406016	1500839700.813	1.5653805	106.74
948.61	862683	1534318704.149	1.0996044	42.29
896.19	736557	1500758619.661	1.2167287	38.65
871.63	678491	1493010665.03	1.2846597	36.77
1139.09	903612	1524255298.349	1.2605964	49.329998
1098.86	924851	1518069003.462	1.1881481	49.09
2032.0	1483980	1501735490.792	1.3692908	85.29
1636.78	1241134	1506934426.077	1.3187778	71.83
1030.21	829567	1495333766.197	1.2418648	45.32
977.93	765249	1528169160.499	1.2779238	41.72
1710.96	1261786	1524106486.383	1.3559828	72.13
942.95	738000	1524598309.452	1.2777101	43.420002
786.95	685358	1531447226.554	1.148232	37.06
760.86	666214	1499833077.133	1.1420655	32.52
1547.8	1203045	1524209525.824	1.2865686	70.76
1129.21	902290	1535514909.551	1.2514935	48.43
986.6	728985	1506289201.356	1.3533887	45.18
1344.85	1081169	1493534281.848	1.243885	57.67
862.82	652261	1532823297.288	1.3228141	37.24
981.71	906420	1500855650.559	1.083063	42.46
1062.51	790456	1494213444.061	1.3441734	46.44
894.52997	651370	1522022545.085	1.3733054	39.72
990.12	739970	1507325307.87	1.3380542	42.21
1045.58	871640	1495407419.586	1.1995548	46.78
1734.0599	1451060	1493525352.522	1.1950299	74.75
1362.26	1147097	1534234535.29	1.1875718	56.82
903.54	743862	1508535687.207	1.2146608	38.46
1689.0	1277903	1528841664.159	1.3216965	76.95
1056.28	884140	1492626920.826	1.1946976	46.46
1306.35	1041593	1519699312.495	1.2541847	56.41
2655.1301	2213176	1535085895.271	1.1996922	114.58
2152.42	1644112	1528166097.225	1.3091687	91.38
882.61	780585	1516918467.301	1.1307032	39.18
1215.17	1038933	1524896897.934	1.1696327	52.38
863.98	648448	1519943074.57	1.3323814	38.9
1659.74	1397916	1536611656.198	1.1872959	76.92
970.21	714933	1499647717.762	1.3570642	41.55
929.32	736260	1505881949.915	1.2622172	42.77
1350.7	1000271	1492470594.403	1.350334	60.75
740.97	666937	1495945939.395	1.1110045	31.51
781.12	722513	1511148487.321	1.0811155	33.44
1603.62	1069099	1518144730.995	1.4999734	67.89
1498.83	1134721	1494132712.901	1.3208797	64.23
1640.28	1236066	1513026891.368	1.3270165	71.01
1066.93	922236	1504844361.151	1.1568948	45.99
1773.88	1393629	1525824675.605	1.2728496	79.43
970.14	741297	1534482764.012	1.3087062	41.21
843.76	730843	1503022842.859	1.1545024	37.829998
1048.64	870195	1505459351.143	1.2050632	47.079998
953.48	675936	1522593295.817	1.410607	45.54
868.31	693853	1503112558.264	1.2514323	36.829998
1347.98	1113253	1524083455.768	1.2108479	61.43
1100.76	839027	1531188323.721	1.3119483	51.6
933.0	715586	1504837256.479	1.3038267	42.07
1084.36	855051	1493402078.047	1.2681817	46.77
1095.56	840088	1505091285.711	1.3041015	49.29
979.69	722582	1508993114.261	1.3558184	42.6
1047.27	1022791	1535855731.16	1.0239335	45.010002
1402.42	1117173	1527220499.48	1.2553294	62.18
1536.67	1144301	1511168524.434	1.3428897	71.04
2353.36	1680000	1535951999.255	1.4008096	99.59
1279.58	1024589	1500843864.988	1.2488716	57.6
1997.5599	1629760	1501455177.885	1.2256775	86.83
987.44	774148	1505081575.855	1.2755184	43.2
690.43	661937	1502348577.395	1.0430449	31.45
961.51	743536	1493087145.057	1.2931587	42.31
1315.52	995811	1495345570.651	1.3210539	56.23
2358.81	1956014	1494801532.37	1.205927	102.36
1565.26	1248714	1516929688.75	1.2534976	69.1
1293.66	852163	1510795980.662	1.5180898	53.1
953.02997	847173	1531716958.397	1.1249532	42.73
799.75	661523	1508259768.09	1.2089527	40.85
1036.14	746118	1494558699.458	1.388708	45.89
1417.5	1125779	1512712221.667	1.2591281	61.75
1297.6	1106344	1531709664.169	1.1728722	61.18
1847.56	1416602	1510914578.316	1.3042196	85.049995
1598.92	1269577	1517430580.179	1.2594116	69.26
907.07	744963	1524874617.294	1.217604	39.12
1002.04	769854	1493692682.189	1.3015975	45.6
956.4	723656	1504654540.751	1.3216225	42.600002
980.91	795152	1530178106.911	1.2336133	41.84
1155.67	846457	1510277487.597	1.3653027	49.74
1387.5701	1144300	1506927940.305	1.212593	60.07
1325.6901	1120632	1492384356.735	1.1829842	58.16
2092.27	1687065	1528832725.297	1.2401834	90.64
932.37	692530	1520398576.07	1.3463243	39.54
753.52	663908	1505186095.871	1.1349765	33.09
2397.5	1827690	1517360034.906	1.3117652	102.1
983.5	742732	1523339087.401	1.3241655	43.36
790.86	639467	1520986580.787	1.2367487	36.31
2518.86	1912782	1493259954.581	1.3168569	108.28
1062.62	902130	1527122069.194	1.1779011	45.38
1731.63	1433547	1517384454.422	1.2079339	83.29
1121.54	833148	1524294436.993	1.3461473	53.149998
1446.36	1138088	1512592914.96	1.2708683	62.89
3116.76	2747535	1497126913.746	1.134384	134.06
1727.45	1411710	1522961697.187	1.2236577	73.39
1048.51	788355	1505190536.15	1.3299973	44.32
1093.39	827000	1493871718.808	1.322116	47.99
1372.13	1143747	1523148673.544	1.1996796	57.88
1075.59	785149	1502938528.527	1.3699183	45.25
1465.17	1223071	1492394541.328	1.1979436	62.43
747.31	660448	1495771571.547	1.1315198	32.66
1067.03	808048	1502312932.024	1.3205034	46.25
2056.2	1649036	1500533120.613	1.2469105	89.01
1147.42	965020	1526592991.463	1.1890117	54.12
866.61	692744	1507335166.862	1.2509816	37.58
826.84	678028	1525928100.637	1.2194777	36.63
1528.04	1268208	1508805432.258	1.2048813	65.61
988.89	737029	1504212111.757	1.3417248	42.97
1256.27	1555694	1508028710.977	0.80753034	67.01
822.65	643241	1517107514.637	1.2789141	35.26
990.38	862702	1500610482.438	1.1479977	43.8
993.18	812818	1533191584.318	1.2218972	42.82
869.55	652080	1512801654.024	1.333502	40.670002
1060.98	795910	1495607663.962	1.3330401	49.09
1028.78	793440	1493442702.113	1.2966071	46.44
1934.72	1587884	1519177517.1	1.2184265	83.07
954.85	714767	1512449707.29	1.3358899	41.35
3187.99	2778940	1493440311.862	1.1471964	135.03
1644.55	1255939	1516065919.791	1.3094187	69.27
1272.05	961552	1509251841.075	1.3229134	54.41
961.88	728574	1501533150.482	1.3202227	41.14
961.27	742409	1511251955.493	1.2947985	42.85
790.86	707624	1497107702.414	1.1176275	33.72
812.05	684776	1496503890.255	1.1858622	41.06
1578.66	1382228	1532056453.468	1.1421125	68.01
1170.74	947179	1518760115.353	1.2360282	51.29
1118.93	844480	1527828900.776	1.3249928	47.87
1022.59	852147	1507168571.339	1.200016	42.989998
1200.45	839407	1502937615.904	1.4301168	50.96
1290.3099	1012875	1502245640.739	1.2739084	54.95
2411.59	1934204	1528693610.289	1.2468126	103.409996
1112.59	918201	1524863840.442	1.2117064	48.07
991.11	738924	1508352290.226	1.3412881	43.75
1333.02	1081531	1529740530.223	1.2325305	56.18
1192.52	978746	1533792922.763	1.2184162	51.84
787.27	695379	1494467763.647	1.1321452	37.95
1125.64	853343	1492149343.667	1.3190945	49.92
1409.59	1063680	1535668235.909	1.3252012	59.21
1429.14	996685	1508126833.078	1.4338933	60.71
1011.76996	763531	1503955630.758	1.3251197	43.72
1031.06	722633	1504500995.78	1.42681	44.21
976.16003	775197	1527307020.944	1.2592412	42.83
840.73	739617	1496424026.021	1.13671	40.57
1005.56	858512	1492381301.517	1.1712824	46.34
1092.34	940215	1519801458.004	1.1617981	51.01
1190.53	966798	1533435334.976	1.2314154	51.59
750.1	643043	1493765815.096	1.1664851	31.61
1259.7	955270	1501046122.642	1.3186848	57.96
903.45	740022	1523387953.707	1.220842	38.89
802.33997	696459	1508283069.824	1.1520276	35.31
2306.49	1723214	1517367779.016	1.3384814	100.56
926.72	706839	1493789227.153	1.3110765	42.54
828.69	660428	1512955266.73	1.2547773	35.58
3239.96	2442976	1524345294.304	1.3262348	137.37
765.61	678010	1509683695.526	1.1292017	32.36
1197.05	999000	1520962723.777	1.1982481	52.33
1206.78	979290	1518591551.799	1.232301	56.670002
1463.22	1139125	1493865969.849	1.2845123	61.95
1983.09	1485871	1497024620.026	1.3346313	85.02
1135.73	917420	1508181467.263	1.2379607	51.26
820.96	738377	1493512262.695	1.1118441	36.37
1560.71	1212614	1500183090.121	1.2870624	66.81
999.95	760096	1506443441.434	1.3155576	43.96
1127.94	875662	1512785627.776	1.2880996	47.72
1187.49	949547	1515797876.556	1.2505858	56.55
3951.62	3351308	1534574226.917	1.1791277	186.57
873.94	696873	1536365699.284	1.254088	37.79
990.26	704867	1518235179.951	1.4048892	42.85
1100.73	778761	1519717325.416	1.4134375	48.33
1167.08	935836	1508729701.19	1.2470988	50.39
950.11	723989	1512638052.233	1.3123266	42.1
1725.63	1308039	1534398032.542	1.3192495	77.36
780.65	665481	1508552274.155	1.1730613	34.47
1370.34	1079974	1525415546.625	1.2688639	62.16
1120.26	899959	1509940497.515	1.2447901	48.89
1642.62	1209655	1506141264.722	1.3579243	68.73
1242.24	1181415	1534485318.874	1.0514848	60.57
1168.9299	989328	1497292496.664	1.1815394	51.75
1011.97003	774909	1495070405.441	1.3059211	43.59
794.05	663058	1503383632.293	1.1975573	33.8
1230.1	901309	1529016096.34	1.3647927	50.43
997.67	769765	1497039288.661	1.2960709	42.73
1360.48	1167607	1502240286.868	1.1651866	59.58
1645.24	1317097	1503637948.275	1.2491412	71.87
876.33	720439	1534487878.012	1.2163833	43.13
1756.56	1395308	1508384662.559	1.2589048	74.97
1763.5599	1399048	1533179365.836	1.2605428	77.57
791.37	654188	1535076071.363	1.2096981	35.73
985.59	816940	1491962730.564	1.2064412	44.34
863.17	670611	1531794440.776	1.2871397	38.32
1122.64	1101428	1496339424.563	1.0192586	50.81
823.32	673748	1529830679.288	1.2219999	35.48
985.66	740733	1507879446.811	1.3306549	45.74
1390.29	1142613	1517110608.282	1.2167636	59.96
1539.14	1089618	1510009231.012	1.4125501	66.25
925.39	747908	1502913041.046	1.2373046	40.21
756.61	660597	1499049264.729	1.1453427	33.44
1713.42	1267659	1517354093.087	1.351641	72.7
3315.12	2580919	1529829296.091	1.2844727	151.51
1680.08	1310868	1511073484.001	1.2816546	75.54
937.11	696154	1532486095.863	1.3461245	42.38
792.41	644800	1501028790.38	1.2289236	38.64
822.88	661650	1533348320.706	1.2436788	36.07
895.52	706654	1528088906.253	1.267268	40.39
874.36	712000	1535776461.518	1.2280337	38.23
927.54	792198	1521245028.203	1.1708436	42.579998
1484.41	1004058	1507348784.216	1.4784105	61.53
806.79	651679	1497134095.551	1.2380174	35.1
1476.37	1265526	1533454052.123	1.1666057	63.53
1697.86	1411845	1536373229.827	1.2025824	79.08
2313.68	1852084	1536723903.925	1.2492305	102.94
2589.7	1897377	1501467171.326	1.3648843	110.98
1213.7	975658	1506975250.8	1.243981	51.84
971.4	709983	1502324812.888	1.3682017	41.809998
1767.83	1397007	1511900421.552	1.2654411	75.23
888.04	667440	1501092708.177	1.3305166	37.78
1257.6	1094331	1517553249.793	1.1491953	59.87
833.26	650768	1534906231.58	1.2804254	35.34
1593.75	1107143	1508442776.242	1.439516	67.46
898.42	743475	1525566025.853	1.2084064	39.77
1022.23	684739	1527903651.25	1.4928755	42.59
1313.59	989665	1528337304.527	1.3273078	55.8
1938.66	1502145	1526603437.08	1.2905945	85.71
931.64	787496	1520674431.978	1.1830409	44.59
2807.43	2110232	1519188228.674	1.3303893	120.18
1566.64	1049847	1511909697.783	1.4922556	69.44
1201.41	908350	1513409693.034	1.322629	51.3
1629.3	1168162	1511138560.438	1.3947551	75.4
983.15	695651	1506539498.482	1.4132806	42.48
989.61	824208	1516921199.391	1.2006799	51.68
1375.22	1071214	1497140098.554	1.2837958	59.28
746.0	675774	1510383746.469	1.1039194	38.75
1235.07	922746	1536629433.681	1.3384724	52.41
1320.7999	1008784	1528592843.733	1.309299	57.19
1116.5599	944354	1506036556.83	1.1823533	49.23
899.65	703105	1504131700.965	1.2795386	38.42
966.42	729329	1504553148.077	1.3250811	42.18
1097.25	930904	1509676561.455	1.178693	47.89
1390.39	1109456	1527294091.718	1.2532178	60.98
1646.53	1341146	1536643485.393	1.2277037	75.159996
953.56	787707	1493089493.429	1.2105516	42.69
2713.25	2115902	1494825320.471	1.2823136	118.340004
987.57	742544	1507656440.331	1.3299817	43.57
1596.89	1221613	1520661993.597	1.3071979	68.13
